recto,verso,archival_object_id,,note: completed rows removed from this tab
bv73cb472,bv73cb48b,249284,,
bv73cb39c,bv73cb383,249280,,
bv73cb447,bv73cb43z,249282,,
bv73cb24r,bv73cb23g,249273,,
bv73cb85g,bv73cb846,249301,,
bv73cb81c,bv73cb803,249299,,
ws859m77w,ws859m785,245134,,
bv73cb579,bv73cb561,249288,,
bv73cb17b,bv73cb162,249270,,
bv73cb92w,bv73cb91m,249304,,
bv73cb61w,bv73cb60m,249290,,
bv73cb30w,bv73cb294,249276,,
bv73cb668,bv73cb650,249292,,
ws859m963,,247849,,
bv73cb28v,bv73cb27k,249275,,
bv73c815c,bv73c8143,247790,,
bv73c8118,bv73c8100,248480,,
bv73c861g,bv73c8606,255047,,
bv73c824b,bv73c8232,247794,,
bv73c844t,bv73c843j,247803,,
bv73c857w,bv73c856m,248481,,
bv73c8207,bv73c8097,247764,,
bv73c890x,bv73c8895,245105,,
bv73c874j,bv73c8738,245102,,
bv73cb90b,bv73cb89k,249303,,
bv73cb226,bv73cb21x,249272,,
bv73cb63f,bv73cb625,249291,,
bv73cb55r,bv73cb54g,249287,,
bv73cb269,bv73cb251,249274,,
bv73cb70v,bv73cb693,249294,,
bv73cb77s,bv73cb76h,249297,,
ws859p21f,ws859p22q,248150,,
ws859t375,ws859t36w,248721,,
ws859g16b,ws859g152,252875,,
ws859w793,ws859w78t,255209,,
ws859x72c,ws859x74x,255088,,
ws859r34x,ws859r33n,248515,,
ws859m32j,,249349,,
ws859m318,,249348,,
ws859m49q,,249339,,
ws859k109,ws859k09j,247829,,
ws859x02p,ws859x03z,255182,,
ws859q24g,ws859q28k,252915,,
ws859x24q,ws859x225,251492,,
ws85bb429,ws85bb40r,,,
ws85bb080,ws85bb06f,,,
ws859p80m,ws859p81w,251456,,
ws859m432,,249336,,
ws85b826h,ws85b8168,,,
ws859s82s,ws859s939,248707,,
ws859t41r,ws859t421,248723,,
ws85b274x,ws85b2934,254348,,
ws85b508z,ws85b507p,255133,,
ws85bb93s,ws85bb92h,,,
ws859h56h,ws859h57s,243672,,
ws85b633h,ws85b6327,251500,,
ws85b4287,ws85b192n,248085,,
ws85b398q,ws85b1971,248523,,
ws859h069,ws859h051,251109,,
ws859s433,ws859s44c,245343,,
ws859p59c,ws859p583,249408,,
ws85b376p,ws85b1458,254363,,
ws859k21t,ws859k20j,245108,,
ws85b9708,ws85b971j,,,
ws859n10q,,247862,,
ws859j68h,ws859j66z,254308,,
ws85b422k,ws85b2136,248732,,
ws859q47s,,254336,,
ws859m95t,,247850,,
ws859q792,ws859q77h,251476,,
ws85b975n,ws85b974c,,,
ws859h97r,ws859h956,252881,,
ws859g91w,ws859g89v,249329,,
ws85b524b,ws85b5232,255215,,
ws85b1084,ws85b267h,255583,,
ws859t439,ws859t44k,248725,,
ws859h17t,ws859h16j,252863,,
ws859v559,,248069,,
ws859m66c,,250583,,
ws85bb46d,ws85bb454,,,
ws85b215r,ws85b214g,248733,,
ws859j456,ws859j46g,255545,,
ws85bc55k,ws85bc52r,,,
ws85b4600,ws85b453k,,,
ws859m60q,ws859m59z,255546,,
ws85bb80q,ws85bb79z,,,
ws859m67n,,250584,,
ws859k355,ws859k33m,245110,,
ws859j44x,ws859j43n,254304,,
ws85b389r,ws85b177j,254386,,
ws859m90f,,247846,,
ws85bc549,ws85bc531,,,
ws85bb00s,,,,
ws859n40f,,,,
ws85bc816,ws85bc82g,,,
ws85b831c,ws85b8303,,,
ws85b6352,ws85b634s,251501,,
ws859r01c,ws859r003,251485,,
ws85b381j,ws85b159m,254374,,
ws859p451,ws859p469,248514,,
ws859g640,ws859g63q,249317,,
ws859n01r,,247856,,
ws859s01k,ws859s02v,248049,,
ws859j481,ws859j47r,245113,,
ws85b5118,ws85b5100,255134,,
ws85b478f,ws85b4775,251504,,
ws859j588,ws859j56q,245115,,
ws859w83p,ws859w84z,255210,,
ws859k37q,ws859k36f,254285,,
ws859p29n,ws859p17v,254323,,
ws859f88c,ws859f873,252868,,
ws85b407g,ws85b2225,249425,,
ws859t39q,ws859t40g,248722,,
ws859m15w,,247872,,
ws859s54m,ws859s55w,252934,,
ws859s63k,ws859s64v,252936,,
ws859r03x,ws859r02n,251486,,
ws859m44b,,249337,,
ws859j73c,ws859j723,247827,,
ws85b522s,ws85b521h,249615,,
ws85b967z,ws85b966p,,,
ws859r488,ws859r51k,248509,,
ws859j04z,ws859h93n,250532,,
ws859r21v,ws859r20k,248053,,
ws85b4821,ws85b481r,251506,,
ws859v17w,ws859v206,245337,,
ws85b4201,ws85b2909,254371,,
ws85b7846,ws85b783x,,,
ws85b562r,ws85b561g,245381,,
ws859q83n,,251450,,
ws859f716,ws859f72g,245808,,
ws859q30m,ws859q31w,254328,,
ws85b7871,ws85b786r,,,
ws859v983,ws859v99c,255109,,
ws859k87x,ws859k886,254288,,
ws859n064,,245139,,
ws859x713,ws859x70t,255087,,
ws859j189,ws859j19k,252891,,
ws85bc000,ws85bb99f,,,
ws85bc91f,ws85bc905,,,
ws859m64t,,245130,,
ws85b119n,ws85b118c,245370,,
ws859r089,ws859r071,254342,,
ws859k24n,ws859k23c,245109,,
ws859w69v,ws859w80v,255177,,
ws859w971,ws859w989,255180,,
ws85b6220,ws85b621q,249436,,
ws859x692,ws859x68s,255086,,
ws859h39v,ws859h38k,255544,,
ws859v26v,ws859v274,248066,,
ws85bc15m,ws85bc14b,,,
ws859m33t,,245149,,
ws859k907,ws859k89g,245825,,
ws859w46j,ws859w572,255177,,
ws859p273,ws859p28c,248153,,
ws85b7782,ws85b777s,,,
ws859j25q,ws859j235,254296,,
ws859x52w,ws859x535,255081,,
ws859j92k,ws859j919,249332,,
ws85b851v,ws85b850k,,,
ws859q68j,ws859q678,255680,,
ws859m73s,,250758,,
ws859h28b,ws859h272,254278,,
ws85b497n,ws85b496c,254392,,
ws859x33p,ws859x34z,255070,,
ws859m122,,245144,,
ws859w24h,ws859w262,255189,,
ws859h50v,ws859h493,254294,,
ws859r28s,ws859r267,248056,,
ws85b489z,ws85b488p,251509,,
ws85b416f,ws85b250b,254350,,
ws859k576,ws859k56x,250534,,
ws859n306,ws859m407,247887,,
ws859h22p,ws859h671,247826,,
ws859h61c,ws859h603,247823,,
ws859r399,ws859r381,254325,,
ws85b4376,ws85b436x,245376,,
ws859r37r,ws859q279,251448,,
ws859p34h,ws859p35s,248156,,
ws859q350,ws859q34q,254330,,
ws859s034,ws859r92t,249399,,
ws85bc78w,ws85bc77m,,,
ws85b980h,,,,
ws85bb69q,ws85bb68f,,,
ws859q07t,,251468,,
ws85b434c,ws85b4597,255130,,
ws859n04k,,252895,,
ws859h04r,ws859h03g,251108,,
ws859r933,ws859r94c,248045,,
ws859x30v,ws859x314,255069,,
ws859s807,ws859s81h,245346,,
ws85b1041,ws85b1059,255681,,
ws859k729,ws859k711,250535,,
ws85b202p,ws85b201d,248726,,
ws859h31n,ws859h29m,254290,,
ws85b088v,ws85b087k,255124,,
ws85b5453,ws85b546c,248529,,
ws859p825,ws859p83f,251458,,
ws859q20c,ws859q21n,251474,,
ws859h44q,ws859h43f,254292,,
ws859w49c,ws859w504,255196,,
ws859m04c,ws859m033,249346,,
ws85b4732,ws85b472s,252943,,
ws85b5339,ws85b5321,250765,,
ws85b493j,ws85b4928,254390,,
ws859n748,ws859n75j,250591,,
ws85bb187,ws85bb17z,,,
ws859m37x,,247885,,
ws85b631z,ws85b630p,251499,,
ws859n420,,247838,,
ws859p66s,ws859p65h,249411,,
ws859f759,ws859f741,252866,,
ws859v21g,ws859v22r,252923,,
ws85b4864,ws85b485v,251508,,
ws859w059,ws859w07v,255111,,
ws85b382t,ws85b161n,254374,,
ws85b3808,ws85b156s,254371,,
ws859k177,ws859k16z,254318,,
ws85b4112,ws85b233p,250988,,
ws859m86v,,247843,,
ws859t731,ws859t72r,245363,,
ws85b587m,ws85b586b,254389,,
ws859r534,ws859r54d,254326,,
ws85b535v,ws85b534k,248740,,
ws85b606m,ws85b605b,248095,,
ws85b615k,ws85b6149,248738,,
ws859h79t,ws859h78j,248495,,
ws859x179,ws859x161,249423,,
ws85bb917,ws85bb90z,,,
ws85b3655,ws85b084r,245364,,
ws85bc65t,ws85bc64j,,,
ws859r976,ws859r98g,248047,,
ws859p96h,ws859p97s,251463,,
ws859k68q,ws859k67f,247819,,
ws85bc60f,ws85bc59p,,,
ws859k19s,ws859k18h,254319,,
bv73cb02q,bv73cb01f,249263,,
bv73cb33q,bv73cb32f,249277,,
bv73cb06t,bv73cb05j,249265,,
bv73cb86r,bv73cb757,249261,,
bv73cb50c,bv73cb49m,249286,,
bv73cb048,bv73cb030,249264,,
bv73cb889,bv73cb871,249302,,
bv73cb82n,bv73cb83x,249300,,
bv73cb37t,bv73cb36j,249280,,
bv73cb72d,bv73cb714,249295,,
bv73c886b,bv73c875t,247765,,
bv73c868d,bv73c8674,245099,,
bv73c850z,bv73c8496,247806,,
bv73c866v,bv73c865k,247809,,
bv73c8852,bv73c884s,247811,,
bv73c8720,bv73c871q,245101,,
bv73c837d,bv73c8364,247800,,
bv73c846c,bv73c8453,247804,,
bv73cb41d,bv73cb404,249281,,
bv73cb46s,bv73cb45h,249283,,
bv73cb42p,bv73cb315,249259,,
bv73cb94f,bv73cb935,249305,,
bv73cb005,bv73c991d,249262,,
bv73cb19w,bv73cb18m,249271,,
bv73cb137,bv73cb12z,249268,,
bv73cb64q,bv73cb536,249260,,
ws859n951,ws859n926,250592,,
ws859s67p,ws859s68z,248520,,
ws859t197,ws859t218,248714,,
ws85b384c,ws85b168k,254380,,
ws859t84j,ws859t85t,245333,,
ws859w02g,ws859w130,255174,,
ws859n25b,ws859m190,245146,,
ws859q22x,ws859q236,252915,,
ws85b849t,ws85b8371,,,
ws859g57k,ws859g569,249313,,
ws859k665,ws859k65w,255543,,
ws859x357,ws859x36h,255071,,
ws859s09s,ws859s08h,248052,,
ws859s86w,ws859s88f,245348,,
ws85b484k,ws85b4839,251507,,
ws859h65g,ws859h23z,247825,,
ws859w70m,ws859w725,255204,,
ws859x047,ws859x05h,255183,,
ws859x63d,ws859x64p,255085,,
ws859q78s,ws859q767,251475,,
ws859h247,ws859k533,248490,,
ws85b429h,ws85b212x,248732,,
ws85b593r,ws85b592g,245386,,
ws859w750,ws859w77j,255207,,
ws859n773,,245312,,
ws859p116,ws859p00p,248033,,
ws859v13s,ws859v15b,248064,,
ws859w62x,ws859w636,255201,,
ws85b565k,ws85b5649,248526,,
ws859v869,ws859v88v,255102,,
ws859h140,ws859h158,251113,,
ws859m45m,,249338,,
ws859r41b,ws859r43w,251451,,
ws859r712,ws859r72b,255565,,
ws859v52g,ws859v53r,248068,,
ws85b516n,ws85b5143,255136,,
ws859j901,ws859j880,248496,,
ws85b528f,ws85b5275,251510,,
ws859x624,ws859x61v,255085,,
ws85b4643,ws85b463t,,,
ws859t91z,ws859t927,245335,,
ws859h867,ws859h84p,252876,,
ws85b111f,ws85b1105,249613,,
ws859j146,ws859j13x,252889,,
ws85b3876,ws85b1725,254380,,
ws859h40m,ws859h30c,255048,,
ws859q62w,ws859q51c,248034,,
ws859x28t,ws859x293,255068,,
ws859j03p,ws859j02d,252884,,
ws859m23k,,247879,,
ws85b628n,ws85b627c,251498,,
ws859g216,ws859g22g,245815,,
ws859q49b,ws859q482,254336,,
ws85b809v,ws85b808k,,,
ws859p41x,ws859p426,248512,,
ws859s23m,ws859s24w,252931,,
ws859s697,ws859s700,252937,,
ws85b785g,ws85b776h,,,
ws859k60h,ws859k61s,254286,,
ws85b3744,ws85b1415,254361,,
ws85b255q,ws85b2535,255119,,
ws859g26k,ws859g23r,245816,,
ws85b602h,ws85b6017,248093,,
ws859m08g,,245141,,
ws859k52t,ws859k508,248489,,
ws85b569p,ws85b568d,248089,,
ws859p494,ws859p50w,249404,,
ws859w40w,ws859w415,255192,,
ws85b3680,ws85b128m,254355,,
ws85bb896,ws85bb88x,,,
ws859k63b,ws859k622,247818,,
ws859g861,ws859g85r,249327,,
ws85b840b,ws85b839k,,,
ws85b5763,ws85b575t,245385,,
ws85b957q,ws85b956f,,,
ws859j96p,ws859j97z,243674,,
ws859t05w,ws859t065,248074,,
ws859k266,ws859k25x,254283,,
ws859w64g,ws859w661,255202,,
ws859j677,ws859j65p,251441,,
ws85b431j,ws85b4465,252946,,
ws859n97k,ws859n969,245320,,
ws859k28r,ws859k27g,248484,,
ws859k932,ws859k92s,255053,,
ws85b962k,ws85b9619,,,
ws85bc841,ws85bc73h,,,
ws859j791,ws859j78r,254310,,
ws85b0983,ws85b097t,251497,,
ws859g683,ws859g58v,245810,,
ws859j21m,ws859j20b,252892,,
ws85bb411,ws85bb31s,,,
ws85b552h,ws85b5496,249431,,
ws859w440,ws859w458,255195,,
ws859h83d,ws859h85z,250536,,
ws859h63x,ws859h646,247824,,
ws859h72w,ws859h71m,248492,,
ws859x54f,ws859x65z,255171,,
ws859w237,ws859w351,255175,,
ws85b875f,ws85b8745,,,
ws859s009,ws859r99r,248048,,
ws859s964,ws859s97d,245352,,
ws859m97c,,247851,,
ws85bb04w,,,,
ws859g98t,ws859g993,251106,,
ws859n82z,ws859n81p,245315,,
ws859k74v,ws859k73k,245112,,
ws859s590,ws859s718,245328,,
ws859h778,ws859h760,248494,,
ws859w33g,ws859w34r,248082,,
ws859g88k,ws859g879,249328,,
ws85b4198,ws85b291k,254371,,
ws85b249k,ws85b2489,254349,,
ws859n14t,,250586,,
ws859j103,ws859j09b,252887,,
ws859p52f,ws859p53q,249405,,
ws85b8656,ws85b863n,,,
ws85b425d,ws85b263d,254354,,
ws859n039,,247857,,
ws859t17p,ws859t154,248712,,
ws859s522,ws859s53b,248072,,
ws85b475m,ws85b474b,248088,,
ws859p515,ws859p40n,254324,,
ws859t56c,ws859t57n,245359,,
ws85b519g,ws85b5186,255138,,
ws859g97j,ws859g968,251105,,
ws859g53g,ws859g526,249311,,
ws859r36g,ws859r356,248516,,
ws859p362,ws859p37b,248157,,
ws859w29w,ws859w30n,248080,,
ws859n63r,,251447,,
ws85b401t,ws85b205h,248728,,
ws85b517x,ws85b515c,255137,,
ws859t774,ws859t78d,248059,,
ws85b804g,ws85b8036,,,
ws859s786,ws859s79g,245345,,
ws859s77x,ws859s76n,248521,,
ws85bc76b,ws85bc752,,,
ws859q970,ws859q96q,251483,,
ws859n09z,,247861,,
ws859s32k,ws859s33v,252932,,
ws85b373v,ws85b1394,254360,,
ws859r908,ws859r91j,248044,,
ws85bb33b,ws85bb322,,,
ws859s166,ws859s27q,252921,,
ws85b818t,ws85b817j,,,
ws859r06r,ws859r046,252916,,
ws859q635,ws859q64f,255567,,
ws859r14f,ws859r135,251487,,
ws859f98m,ws859g020,252873,,
ws85b1173,ws85b116t,248087,,
ws85b578n,ws85b577c,249432,,
ws859n58w,ws859n57m,249396,,
ws859v363,ws859v37c,249417,,
ws859r05g,ws859q945,248506,,
ws859p19d,ws859p205,248149,,
ws859k444,ws859k34w,254280,,
ws859q368,ws859q37j,254330,,
ws859q75z,ws859q74p,255569,,
ws85b5410,ws85b540q,248527,,
ws859f92z,ws859f91p,252870,,
ws859g14s,ws859g07c,252874,,
ws85b5738,ws85b5720,245384,,
ws859k46p,ws859k45d,255050,,
ws85b6174,ws85b616v,249433,,
ws859n08p,,247860,,
ws859v43h,ws859v44s,252929,,
ws859p47k,ws859p48v,249404,,
ws859g73z,ws859g72p,249321,,
ws859p08w,ws859p07m,245322,,
ws859q60b,ws859q61m,255065,,
ws859t27x,ws859t38f,248709,,
ws859v249,ws859v25k,252924,,
ws859n26m,,247876,,
ws85b862c,ws85b860t,,,
ws85b196r,ws85b195g,,,
ws85bb97w,ws85bb95b,,,
ws859h824,ws859h80k,248702,,
ws859x37s,ws859x382,255072,,
ws85bc638,ws85bc61q,,,
ws85bc05c,ws85bc06n,,,
ws85b103r,ws85b102g,254353,,
ws85b9423,ws85b941t,,,
ws859w31x,ws859w326,248082,,
ws859g42z,ws859g41p,245818,,
ws859x10c,ws859x12x,255186,,
ws859q91b,ws859q92m,251481,,
ws859n35k,,249341,,
ws859r12w,ws859r11m,254344,,
ws859n17n,ws859n16c,249343,,
ws85b4155,ws85b2799,252941,,
ws859v71p,ws859v70d,255095,,
ws859r755,ws859r77q,248037,,
ws859m55v,ws859m539,245124,,
ws85b8150,ws85b814q,,,
ws859m610,,245128,,
ws85bb02b,,,,
ws859k59r,ws859k58g,255051,,
ws859r445,ws859r45f,248508,,
ws859t08q,ws859t07f,248075,,
ws859k47z,ws859k487,248487,,
ws85b791m,ws85b790b,,,
ws85b9466,ws85b944n,,,
ws859n87b,,245318,,
ws859f830,ws859f76k,252867,,
ws85b6395,ws85b638w,251503,,
ws859j55f,ws859j545,245115,,
ws859q09c,,251469,,
ws859k32b,ws859k312,254284,,
ws85bc043,ws85bc03t,,,
ws85bc33j,ws85bc328,,,
ws859j12n,ws859j11c,252888,,
ws859t553,ws859t54t,245359,,
ws85b441s,ws85b440h,245377,,
ws85b1636,ws85b155h,245365,,
bv73cb11p,bv73cb10d,249267,,
bv73cb20n,bv73cb09n,249258,,
bv73cb59v,bv73cb58k,249289,,
bv73cb52x,bv73cb51n,249286,,
bv73cb68t,bv73cb67j,249293,,
bv73cb15s,bv73cb14h,249269,,
bv73cb79b,bv73cb782,249298,,
bv73cb08c,bv73cb073,249267,,
bv73cb960,bv73cb95q,249306,,
bv73cb74z,bv73cb73p,249296,,
bv73c830g,bv73c829q,247797,,
bv73c808z,bv73c807p,247762,,
bv73c888w,bv73c887m,247812,,
bv73c859f,bv73c8585,251440,,
bv73c896k,bv73c8959,247815,,
bv73c8339,bv73c8321,247798,,
bv73c839z,bv73c838p,247801,,
bv73c892g,bv73c8916,247813,,
bv73c881z,bv73c880p,249256,,
bv73cb358,bv73cb340,249278,,
ws85b9555,ws85b953m,,,
ws85b9598,ws85b9580,,,
ws859j324,ws859j31v,254299,,
ws859m72h,,243676,,
ws859p850,ws859p87j,251458,,
ws859g950,ws859g94q,250531,,
ws859h53p,ws859h54z,247822,,
ws859w16t,ws859w173,255115,,
ws859t65b,ws859t66m,248078,,
ws859x46r,ws859x50b,255081,,
ws85bc69x,ws85bc68n,,,
ws859k83t,ws859k82j,245823,,
ws859n47c,ws859n463,249391,,
ws859h557,ws859h52d,247821,,
ws85bb144,ws85bb15d,,,
ws859h92c,ws859h913,252879,,
ws859m229,,247877,,
ws85b099c,ws85b0869,255579,,
ws859q84x,ws859q813,251478,,
ws85b375d,ws85b143q,254362,,
ws85b385n,ws85b1661,254380,,
ws859q11d,ws859q12p,251471,,
ws859s91r,ws859s921,245350,,
ws859n62g,ws859n595,249611,,
ws859q15h,ws859q16s,,,
ws859r27h,ws859r160,248507,,
ws859n331,,245131,,
ws859g75h,ws859g747,249322,,
ws85b2357,ws85b224q,255577,,
ws859h026,ws859h01x,251107,,
ws859h41w,ws859h425,245828,,
ws85b984m,,,,
ws859g93f,ws859g925,249330,,
ws85bc574,ws85bc56v,,,
ws85b2713,ws85b2845,255581,,
ws859s565,ws859s57f,252935,,
ws85b388g,ws85b1750,254380,,
ws859j260,ws859j16r,248482,,
ws85bb71r,ws85bb70g,,,
ws859n49x,ws859n48n,249392,,
ws859r73m,ws859r74w,248036,,
ws859h115,ws859h00n,245812,,
ws859x446,ws859x45g,255081,,
ws85b487d,ws85b476w,248524,,
ws85bc02j,ws85bc018,,,
ws859n79n,,245313,,
ws85b8214,ws85b8193,,,
ws859w58b,ws859w59m,255199,,
ws859p761,ws859p779,251454,,
ws859k975,ws859n110,245120,,
ws859v142,ws859v16m,248065,,
ws859m68x,,250756,,
ws85b9911,,,,
ws859v851,ws859v87k,255101,,
ws859h689,ws859h66r,245830,,
ws859v584,ws859v69n,255173,,
ws85b556m,ws85b555b,245380,,
ws85bb24c,ws85bb233,,,
ws859s611,ws859s629,245840,,
ws859m806,ws859m79f,245135,,
ws859n60x,ws859n616,249611,,
ws85b9733,ws85b972t,,,
ws859w68k,ws859w99k,255170,,
ws85bc663,ws85bc67c,,,
ws859q73d,ws859q71v,254341,,
ws85bc620,ws85bc506,,,
ws859q40v,ws859q29v,245835,,
ws859p604,ws859p61d,249409,,
ws85b0940,,245366,,
ws859k64m,ws859k54c,254281,,
ws859n05v,,245138,,
ws85b5959,ws85b5941,252949,,
ws859x08b,ws859x09m,255185,,
ws859j014,ws859j00v,252883,,
ws859q414,ws859q42d,254332,,
ws85b427z,ws85b158b,254374,,
ws85bc24k,ws85bc239,,,
ws859r95n,ws859r96x,248046,,
ws859n41q,,247858,,
ws859h892,ws859h90t,252878,,
ws859g82x,ws859g81n,249325,,
ws85b4066,ws85b220m,249424,,
ws859j84w,ws859j83m,254312,,
ws85b3922,ws85b183p,254386,,
ws859x59t,ws859x60k,255085,,
ws85bc74s,ws85bc727,,,
ws859x06s,ws859x072,255184,,
ws859t18z,ws859t200,248713,,
ws859m10h,,245142,,
ws859r82k,ws859r83v,248041,,
ws859t111,ws859t129,248077,,
ws859x51m,ws859x49k,255081,,
ws859p78k,ws859p79v,251455,,
ws85b298h,ws85b2756,255576,,
ws859m521,ws859m50g,245123,,
ws859w09d,ws859w105,255112,,
ws859k002,ws859k01b,,,
ws859m742,,245132,,
ws85b624j,ws85b6238,249841,,
ws85b439r,ws85b438g,252948,,
ws85b544t,ws85b543j,248528,,
ws859j51b,ws859j502,255054,,
ws859h26s,ws859k91h,245826,,
ws85bc930,ws85bc92q,,,
ws859h19c,ws859h183,252864,,
ws859k96w,,249333,,
ws859k43v,ws859k419,248486,,
ws859v46b,ws859v47m,249418,,
ws85b445w,ws85b4308,,,
ws859s36p,ws859s37z,252933,,
ws859t34b,ws859t35m,248720,,
ws85bb84t,ws85bb83j,,,
ws85b798j,ws85b7978,,,
ws859p540,ws859p558,249408,,
ws859n76t,,245311,,
ws859w89b,ws859w903,255118,,
ws85bb37f,ws85bb365,,,
ws859j28j,ws859j278,254297,,
ws859p159,ws859p141,245834,,
ws859h75q,ws859h74f,248493,,
ws859t286,ws859t29g,248717,,
ws85b9644,ws85b963v,,,
ws85b8079,ws85b8061,,,
ws859n552,ws859n54s,249395,,
ws859p914,ws859p92d,251461,,
ws85b443b,ws85b4422,252944,,
ws85b3701,ws85b1326,254357,,
ws859x19v,ws859x20m,250543,,
ws859n85s,,245317,,
ws859t820,ws859t838,248060,,
ws859m386,,247886,,
ws859q02f,ws859q03q,251466,,
ws859j59j,ws859j570,245116,,
ws859t528,ws859t53j,245357,,
ws85b258j,ws85b2578,255121,,
ws859w369,ws859w37k,255190,,
ws859v04t,ws859v07n,248061,,
ws859p672,,249412,,
ws859g71d,ws859g704,249320,,
ws85b600z,ws85b599d,243704,,
ws859t32s,ws859t332,248719,,
ws859v940,,255105,,
ws85b500r,ws85b4996,254393,,
ws85b4910,ws85b490q,,,
ws85bc28p,ws85bc27d,,,
ws859w148,ws859w15j,255114,,
ws859m58p,,245127,,
ws859h96g,ws859h94x,252880,,
ws859k14d,ws859k134,254317,,
ws859f95s,ws859f937,252871,,
ws859r178,ws859r15q,255570,,
ws859v06c,ws859v053,248062,,
ws859t75k,ws859t76v,248058,,
ws85b9997,ws85b987f,,,
ws85b121p,ws85b120d,245371,,
ws859n31g,,247888,,
ws85b813f,ws85b8125,,,
ws859s94k,ws859s95v,245351,,
ws859g18w,ws859g17m,249310,,
ws859h81v,ws859h735,,,
ws859k398,ws859k380,248485,,
ws85bb675,ws85bb66w,,,
ws859n021,,245119,,
ws85b853d,ws85b8524,,,
ws85b607w,ws85b596k,245841,,
ws859t00h,ws859t022,245354,,
ws85b5916,ws85b5895,255214,,
ws859w27b,ws859w28m,248080,,
ws85bb500,ws85bb497,,,
ws85b4219,ws85b294d,248084,,
ws85b5606,ws85b559f,248525,,
ws859p93p,ws859p94z,251462,,
ws85b5029,ws85b5011,254394,,
ws85b857h,ws85b8567,,,
ws859t13k,ws859t14v,248522,,
ws859t995,ws859v00q,245336,,
ws859t88n,ws859t89x,245334,,
ws859q457,ws859q46h,254334,,
ws859m18q,ws859m17f,245145,,
ws85bb52j,ws85bb518,,,
ws85b537d,ws85b5364,249437,,
ws85b4091,ws85b227j,249427,,
ws859x667,ws859x67h,255085,,
ws85b526w,,255588,,
ws85b7960,ws85b795q,,,
ws85bb87n,ws85bb764,,,
ws85b7803,ws85b779b,,,
ws85b952b,ws85b9512,,,
ws859v68c,ws859v673,255095,,
ws859h336,ws859h32x,254291,,
ws859p74g,ws859p75r,251453,,
ws859m920,,247848,,
ws859m88d,,252893,,
ws859w814,ws859w82d,255209,,
ws85b530g,ws85b529q,251511,,
ws859r60j,ws859r61t,255562,,
ws85bb78p,ws85bb77d,,,
ws859m14m,,247874,,
ws859p184,ws859p16k,255560,,
ws859g615,ws859g62f,249316,,
ws859p43g,ws859p44r,248513,,
ws85bc417,ws85bc42h,,,
ws859s89q,ws859s90g,245350,,
ws85bc442,ws85bc43s,,,
ws85bb586,ws85bb57x,,,
ws85b4529,ws85b4333,,,
ws859w74q,ws859w768,255207,,
ws85b867r,ws85b8681,,,
ws85b879j,ws85b8788,,,
ws859x41c,ws859x42n,255081,,
ws859w65r,ws859w679,255204,,
ws859q56r,ws859q571,254340,,
ws859q546,ws859q55g,254338,,
ws859q52n,ws859q53x,254338,,
ws859s98p,ws859s99z,245353,,
ws85b513t,ws85b512j,255136,,
ws859q00w,ws859q015,251465,,
ws85bb607,ws85bb59g,,,
ws859f94h,ws859f73r,245813,,
ws859s48g,ws859s476,248071,,
ws859m717,,250757,,
ws85bc87v,ws85bc86k,,,
ws859x23f,ws859x250,251492,,
ws85bc132,ws85bc11h,,,
ws859k76d,ws859k77p,249331,,
ws859m27p,,245147,,
ws859v28d,ws859v29p,245338,,
ws85b612r,ws85b6131,248735,,
ws85b531r,ws85b5207,245378,,
ws859k818,ws859k800,248491,,
ws85b5097,ws85b498x,255213,,
ws859k15p,ws859k045,248483,,
ws85b410s,ws85b2293,249428,,
ws859p10x,ws859p095,249398,,
ws85b2004,ws85b199k,248726,,
ws859s41j,ws859s42t,255573,,
ws85b219v,ws85b218k,248734,,
ws859t090,ws859t10r,248076,,
ws85b400j,ws85b203z,248727,,
ws859w22z,ws859w25s,255188,,
ws859s14n,ws859s15x,249839,,
ws85bc80x,ws85bc795,,,
ws859j082,ws859j07s,252886,,
ws859n88m,ws859n862,245319,,
ws859j53w,ws859j52m,254305,,
ws859r63c,ws859r65x,255564,,
ws85bb07q,ws85bb055,,,
ws85bc46m,ws85bc45b,,,
ws859r86p,ws859r87z,248042,,
ws85b6042,ws85b603s,248094,,
ws859r30t,ws859r292,248057,,
ws859s123,ws859s13c,245838,,
ws859s301,ws859s319,245342,,
ws85bc353,ws85bc34t,,,
ws859m51r,,245122,,
ws859p69m,ws859p70c,251118,,
ws859r68r,ws859r691,248510,,
ws859g51x,ws859g50n,245822,,
ws859q70k,ws859q69t,245325,,
ws85bb44v,ws85bb43k,,,
ws859p63z,ws859p647,249410,,
ws85b413m,ws85b299s,252939,,
ws859v958,ws859v97t,255106,,
ws859n285,,247835,,
ws859f90d,ws859f89n,252869,,
ws85b811w,ws85b810m,,,
ws859n527,ws859n53h,,,
ws859m28z,,247880,,
ws859n94r,ws859n93g,249612,,
ws859t49z,ws859t60z,245329,,
ws859s39h,ws859s408,249420,,
ws859m36n,,247884,,
ws859g44h,ws859g437,245819,,
ws859p230,ws859p248,248151,,
ws85b873w,ws85b872m,,,
ws859s45n,ws859s46x,248070,,
ws85b7935,ws85b792w,,,
ws859k797,ws859k78z,255052,,
ws85b426p,ws85b1504,254365,,
ws85bb739,ws85bb721,,,
ws859n730,ws859n72q,250590,,
ws859s17g,ws859s18r,248517,,
ws859v630,ws859v648,255091,,
ws859v84r,ws859v826,255100,,
ws859m48f,,247839,,
ws859m874,,247844,,
ws85b252w,ws85b243x,255578,,
ws85b462j,ws85b4618,252947,,
ws859v12h,ws859v231,252919,,
ws859m57d,,245126,,
ws85bb30h,ws85bb29r,,,
ws85b377z,ws85b146j,254364,,
ws85b403c,ws85b296z,248728,,
ws859r844,ws859r85d,248041,,
ws859m99x,,247853,,
ws85bc12s,ws85bc107,,,
ws85b404n,ws85b210c,248732,,
ws859q95f,ws859q93w,251482,,
ws859g90m,ws859g78b,245811,,
ws859s85m,ws859s875,248073,,
ws859n994,ws859n98v,245321,,
ws85b394m,ws85b186h,254386,,
ws859r46q,ws859r49j,245323,,
ws859m09r,,247833,,
ws85b3698,ws85b1262,245373,,
ws859r623,ws859r64n,255563,,
ws859t01s,ws859t03b,245355,,
ws85bc21r,ws85bc19q,,,
ws85b629x,ws85b618d,254387,,
ws859k02m,ws859k03w,254315,,
ws85b969h,ws85b9687,,,
ws85b5674,ws85b566v,245382,,
ws859m91q,,247847,,
ws859t617,ws859t62h,255574,,
ws85b4953,ws85b494t,254391,,
ws859j30k,ws859j29t,254298,,
ws859n89w,ws859n78c,248032,,
ws859x268,ws859x27j,254347,,
ws85b4023,ws85b208b,248729,,
ws859t71g,ws859t749,245330,,
ws85bc086,ws85bc07x,,,
ws85bc40z,ws85bc29z,,,
ws859q43p,ws859q44z,254333,,
ws859q86g,ws859q856,251479,,
ws85b412b,ws85b2781,252939,,
ws859q172,ws859q06j,249401,,
ws859p868,ws859p88t,251459,,
ws859s212,ws859s22b,252930,,
ws85b7757,ws85b774z,,,
ws859h981,ws859h999,252882,,
ws85b281b,ws85b100x,255211,,
ws85b2692,ws85b285f,245372,,
ws85b393b,ws85b174q,248083,,
ws85b978g,,,,
ws859s04d,ws859s05p,248050,,
ws859j64d,ws859j634,254307,,
ws859g60w,ws859g594,249315,,
ws85b391s,ws85b1814,254386,,
ws859m81g,,245136,,
ws859q040,ws859q058,251467,,
ws85b855z,ws85b854p,,,
ws859r10b,ws859r09k,254343,,
ws859t863,ws859t87c,245333,,
ws859j24f,ws859j22w,254295,,
ws85bb96m,ws85bb942,,,
ws859x55q,ws859x560,255081,,
ws85bc51g,ws85bc49f,,,
ws859t243,ws859t25c,248717,,
ws85b590x,ws85b588w,248092,,
ws85b1237,ws85b122z,255585,,
ws85bb26x,ws85bb25n,,,
ws85b450r,ws85b4490,255127,,
ws859n20z,,247864,,
ws85bc396,ws85bc38x,,,
ws85b4180,ws85b289j,254371,,
ws859n84h,ws859n837,245316,,
ws85b789k,ws85b7889,,,
ws85b824z,ws85b823p,,,
ws85b945x,ws85bc948,,,
ws85b504v,ws85b503k,255131,,
ws859t04m,ws859t16d,248708,,
ws859v495,ws859v48w,255572,,
ws859r666,ws859r67g,245324,,
ws85b5631,ws85b5517,255212,,
ws85b782n,ws85b781c,,,
ws859m475,,247837,,
ws85bb208,ws85bb098,,,
ws859r509,ws859r52v,248035,,
ws859g84g,ws859g836,249326,,
ws85b3990,ws85b193x,248086,,
ws859v19f,ws859v185,252922,,
ws859p56j,ws859p57t,249408,,
ws859m008,,247867,,
ws85b092f,ws85b0915,255126,,
ws85bb62s,ws85bb61h,,,
ws859k12v,ws859k11k,247830,,
ws859j34p,ws859j33d,254300,,
ws85b367q,ws85b130n,254356,,
ws859r76f,ws859r780,248038,,
ws859n684,ws859n56b,249390,,
ws859r577,ws859r58h,245837,,
ws85b948r,ws85b947g,,,
ws85b096j,ws85b0958,254351,,
ws859h62n,ws859h514,,,
ws859w53z,ws859w547,255198,,
ws859m41h,,247836,,
ws85b866g,ws85b864x,,,
ws85b444m,ws85b465c,252945,,
ws859k70r,ws859k690,254287,,
ws859h468,ws859h450,254293,,
ws859n153,,245140,,
ws859s344,ws859s35d,249419,,
ws859w55h,ws859w56s,250764,,
ws859j61k,ws859j62v,254306,,
ws85b386x,ws85b170m,254380,,
ws859v50x,ws859v516,248067,,
ws859g551,ws859g54r,249312,,
ws85b609f,ws85b6085,248096,,
ws85b9865,,,,
ws859n29f,,249350,,
ws859g40d,ws859g39n,,,
ws859v096,ws859v08x,251488,,
ws859v320,ws859v338,252926,,
ws859k30s,ws859k291,247817,,
ws859q881,ws859q87r,245326,,
ws859j898,ws859j87q,247828,,
ws859g38c,ws859g373,245817,,
ws859h88s,ws859h87h,252877,,
ws859m11s,,245143,,
ws859w71w,ws859w73f,255205,,
ws859k06q,ws859k05f,249823,,
ws859n438,,249340,,
ws859q38t,ws859q393,254331,,
ws859h35r,ws859h34g,245827,,
ws859t63s,ws859t642,251489,,
ws859v61f,ws859v62q,,,
ws85b802x,ws85b801n,,,
ws859m564,,245125,,
ws85bc37n,ws85bc36c,,,
ws85b8702,ws85b8699,,,
ws85b414w,ws85b2446,252940,,
ws859s191,ws859s20s,248518,,
ws85b800c,ws85b799t,,,
ws859m076,,247870,,
ws859q660,ws859q65q,255568,,
ws859q99j,ws859q988,251484,,
ws85bd006,ws85bc99n,,,
ws859g20x,ws859g195,245814,,
ws85b9890,,,,
ws85bc09g,ws85bb985,,,
ws859t69f,ws859t706,245362,,
ws859n38d,,247854,,
ws859v80n,ws859v915,255173,,
ws85b506d,ws85b5054,255133,,
ws859r19t,ws859r18j,255571,,
ws859g36t,ws859g35j,,,
ws859p982,ws859p99b,251464,,
ws859w91c,ws859w92n,251490,,
ws859m297,,247881,,
ws859v39x,ws859v40p,245339,,
ws859t67w,ws859t685,245361,,
ws85b480g,ws85b479q,251505,,
ws859m24v,,247878,,
ws85b254f,ws85b2560,255120,,
ws85b611g,ws85b6106,248097,,
ws85b390h,ws85b1793,254386,,
ws859w96r,ws859w95g,255179,,
ws85b2624,ws85b261v,255123,,
ws859n66k,ws859n659,255064,,
ws85b124h,ws85b125s,255586,,
ws859r25z,ws859r24p,248055,,
ws859n07d,,247859,,
ws859m165,,247873,,
ws859s280,ws859s298,245341,,
ws859v10z,ws859v117,248063,,
ws859p32z,ws859p337,248155,,
ws859v762,ws859v78m,255097,,
ws859m938,,252894,,
ws85bb35w,ws85bb34m,,,
ws859q589,ws859q59k,254340,,
ws859m46w,,245121,,
ws859h48t,ws859h47j,245829,,
ws859n00g,,,,
ws859r819,ws859r70s,255561,,
ws859r55p,ws859r56z,245837,,
ws859v31q,ws859v30f,252925,,
ws859v34j,ws859v452,252920,,
ws859n45t,ws859n44j,245310,,
ws859m98n,,247852,,
ws859j766,ws859j77g,255165,,
ws859m94j,ws859m849,247832,,
ws859r59s,ws859r470,251449,,
ws85bb64b,ws85bb632,,,
ws859w19n,ws859w18c,243702,,
ws85b9954,,,,
ws85b149c,ws85b138v,255582,,
ws85b871b,ws85b8613,,,
ws859x578,ws859x58j,255081,,
ws85b5984,ws85b597v,249840,,
ws859n71f,ws859n705,250589,,
ws85b395w,ws85b1882,254386,,
ws85b379h,ws85b153z,254367,,
ws85b580p,ws85b579x,248090,,
ws85b9601,ws85b9619,,,
ws85b268s,ws85b109d,255584,,
ws85bc18f,ws85bb53t,,,
ws859w61n,ws859w60c,255200,,
ws859p06b,ws859p052,255559,,
ws859p04s,ws859p03h,252912,,
ws85bc71z,ws85bc70p,,,
ws859s743,ws859s75c,248711,,
ws85b2403,ws85b239b,251496,,
ws859j171,ws859j15g,252890,,
ws859v93q,ws859v92f,255104,,
ws859s10j,ws859s11t,245838,,
ws859j42c,ws859j413,254303,,
ws859m39g,,252898,,
ws859v72z,ws859v737,255095,,
ws85b550z,ws85b5428,245379,,
ws859v41z,ws859v427,252928,,
ws859w06k,ws859w084,255111,,
ws85b881k,ws85b8809,,,
ws859n51z,ws859n50p,249393,,
ws859h08v,ws859h07k,251110,,
ws859g49w,ws859g48m,245821,,
ws85b5852,ws85b574j,249430,,
ws859p027,ws859p01z,248705,,
ws85b997p,,,,
ws85b8257,ws85b827s,,,
ws85b3787,ws85b151d,254366,,
ws859r798,ws859r801,248039,,
ws85b107v,ws85b106k,245367,,
ws859p71n,ws859p72x,251452,,
ws859p893,ws859p90v,251460,,
ws859s255,ws859s26f,245340,,
ws859v81x,ws859v83g,255100,,
ws85b283w,ws85b2667,255580,,
ws859m89p,,247845,,
ws859n217,,247865,,
ws85b571q,ws85b570f,245383,,
ws859m211,,249347,,
ws859v028,ws859v03j,249416,,
ws859m13b,ws859n23s,252897,,
ws85b822d,ws85b820v,,,
ws85bb828,ws85bb810,,,
ws859j35z,ws859j367,254301,,
ws85b548x,ws85b547n,248099,,
ws859v894,ws859v90w,255104,,
ws859x73n,ws859x756,255089,,
ws85bc859,ws85bc83r,,,
ws859j812,ws859j80s,254312,,
ws85b976x,ws85b965d,,,
ws859w03r,ws859w041,255109,,
ws859f97b,ws859f962,252872,,
ws859n39p,,247855,,
ws859h25h,ws859k55n,250533,,
ws859w857,ws859w86h,255118,,
ws85b448q,ws85b447f,,,
ws859q13z,ws859q147,251471,,
ws859t307,ws859t31h,248719,,
ws85b456d,ws85b4554,245375,,
ws859x39b,ws859x403,255081,,
ws859m75b,,250585,,
ws85b584s,ws85b583h,254388,,
ws859v65j,ws859v66t,255092,,
ws859k86n,ws859k754,254282,,
ws859s72j,ws859s73t,248710,,
ws85bb65m,ws85bb543,,,
ws859w00x,ws859w016,255109,,
ws859k223,ws859j37h,254279,,
ws859h10w,ws859h094,251111,,
ws85b5585,ws85b557w,251120,,
ws859r23d,ws859r224,248054,,
ws859j86f,ws859j855,254313,,
ws85b458z,ws85b457p,255129,,
ws859p38m,ws859p39w,248511,,
ws859p736,ws859p62p,248505,,
ws85bb75v,ws85bb74k,,,
ws85bb13v,ws85bb12k,,,
ws859t45v,,254345,,
ws859s58q,ws859s60r,245344,,
ws859w87s,ws859w882,255118,,
ws859t22j,ws859t23t,248717,,
ws85bb19h,ws85bb16p,,,
ws85b539z,ws85b538p,255216,,
ws859q18b,,251473,,
ws85b848j,ws85b8460,,,
ws859h70b,ws859h69k,245831,,
ws859x15r,ws859x18k,249422,,
ws859n374,,249342,,
ws85bb56n,ws85bb55c,,,
ws859s06z,ws859s077,248051,,
ws85bb86c,ws85bb853,,,
ws859n22h,,247871,,
ws859k85c,ws859k843,245824,,
ws85b8592,ws85b858s,,,
ws859w11f,ws859w12q,255113,,
ws859p957,ws859p84q,249400,,
ws85b4511,ws85b432t,,,
ws859v56k,ws859v57v,255169,,
ws859m20r,,247875,,
ws859n242,,247834,,
ws85b454v,ws85b435n,255128,,
ws85b366f,ws85b112q,245369,,
ws859w38v,ws859w394,255191,,
ws859h21d,ws859h204,252865,,
ws85bc310,ws85bc30q,,,
ws859r887,ws859r89h,248043,,
ws859s654,ws859s66d,249421,,
n870zv22z,n870zv21p,254073,,
j3860n24x,j3860n23n,250503,,
n870zt25k,n870zt26v,254065,,
j3860m98h,j3860m977,252745,,
n87100401,n87100398,247943,,
n870zt61f,n870zt50x,254034,,
j3860q029,j3860q011,252769,,
kp78hh69d,kp78hh684,251425,,
jm214r478,jm214r460,245001,,
jm214r49t,jm214r48j,245002,,
jm214r435,jm214r31c,244879,,
jm214r88h,jm214r86z,245019,,
jm214r168,jm214r150,244987,,
k3569701d,k35697004,245059,,
jm214r29b,jm214r282,244993,,
jm214r54p,jm214r524,245004,,
k3569776g,k35697756,247732,,
jm214r23p,jm214r22d,244990,,
jm214r02x,jm214r04g,244981,,
jm214p505,jm214p43r,244918,,
jm214p65s,jm214p64h,244925,,
k3569712x,k3569711n,248693,,
jm214r40b,jm214r39k,244998,,
k3569765z,k3569764p,247728,,
jm214r05r,jm214r036,244982,,
k3569733p,k3569732d,243655,,
jm214r85p,jm214r84d,245018,,
k3569739b,,248697,,
jm214r95x,jm214r966,245023,,
k3569781b,k35697802,247734,,
jm215465n,jm215464c,252800,,
jm2154765,jm2156830,248456,,
jm215468g,jm215749w,252802,,
jm2154501,jm215823z,255525,,
jm2154587,jm215457z,252797,,
jm214s23w,jm214s22m,245035,,
jm215443m,jm2158158,245765,,
jm215434n,jm2154323,252792,,
jm214p51f,jm214p49d,244919,,
jm215442b,jm215433c,254249,,
jm215499g,jm2154986,252809,,
jm215400t,jm2153998,252780,,
jm215438r,jm215437g,248671,,
jm215480r,jm215754r,255528,,
jm215431t,jm215430j,252791,,
jm2154900,jm215762f,247701,,
jm215428h,jm2154277,252790,,
jm215456p,jm215455d,252796,,
jm215421k,jm215808v,247692,,
jm214s80h,jm214s79r,244903,,
jm214s10t,jm214s08s,245029,,
jm214s03d,jm214s024,245026,,
jm214s31k,jm214s202,244883,,
jm215478q,jm215477f,249221,,
k3569804f,k3569794d,247719,,
k3569849s,k3569848h,249240,,
k35698345,k3569833w,245794,,
k3569866f,k35698612,248681,,
k35698477,k3569846z,249239,,
k3569882t,k3569881j,247753,,
k3569891s,k3569890h,245078,,
k35698965,k3569895w,247756,,
jm215c386,jm215c37x,254918,,
jm215c45m,jm215c44b,254921,,
jm215c42s,jm215c407,254919,,
jm215c51r,jm215c48f,254923,,
jm215c696,jm215c68x,254937,,
jm215c165,jm215c15w,255030,,
jm215c610,jm215c55v,254902,,
jm215c254,jm215893n,255036,,
jm215c58p,jm215c57d,254930,,
jm215c849,jm215c85k,255152,,
k3569889r,k3569888g,247755,,
jm215c938,jm215c920,255041,,
jm215c99x,jm215c98n,255161,,
jm215c785,jm215c77w,254941,,
k3569831b,k35698256,248679,,
jm215c67n,jm215c66c,254936,,
k35698744,k3569873v,245076,,
k35698035,k3569802w,255045,,
k3569845p,k3569844d,247743,,
k3569832m,k35698302,249237,,
k35698167,k3569815z,245071,,
k3569824x,k3569823n,247741,,
k3569863m,k3569862b,247748,,
k3569668k,k35696572,248678,,
k3569b585,k3569b57w,245068,,
k3569b28f,k3569b21h,245781,,
k3569661n,k3569660c,245052,,
k35696857,k3569684z,245054,,
kp78hg04c,kp78hf932,254160,,
kp78hg36n,kp78hg35c,247637,,
kp78hg67n,kp78hg66c,254208,,
kp78hg28z,kp78hg27p,254206,,
kp78hg10h,kp78hg09r,254203,,
jm215c20r,jm215890t,255032,,
jm215c653,jm215c64t,254935,,
jm215c76m,jm215c75b,254940,,
k3569b275,k3569b26w,243658,,
k3569b50z,k3569b496,247733,,
k3569b70f,k3569b69p,248469,,
k3569b88w,k3569b87m,245800,,
kp78hj34h,kp78hj337,247664,,
kp78hj69m,kp78hj68b,247668,,
kp78hj63z,kp78hj62p,247667,,
kp78hg122,kp78hg11s,254204,,
kp78hg50g,kp78hg49q,247642,,
kp78hg08g,kp78hg076,254202,,
kp78hg91q,kp78hg89p,255502,,
kp78hg14m,kp78hg13b,250499,,
n870zw225,n870zw21w,254320,,
n870zv83p,n870zv725,248379,,
n870zv768,n870zv750,250486,,
n870zr97d,n870zr98p,248416,,
n870zs89x,n870zs90p,254057,,
n870zx62b,n870zx612,249359,,
n870zz65c,n870zz643,255553,,
n870zt22r,n870zt231,254064,,
n870zv93x,n870zv92n,248398,,
n870zs596,n870zs60z,254050,,
n870zz707,n870zz686,247913,,
kp78hk18b,kp78hk172,250496,,
kp78hh595,kp78hh48n,254165,,
n870zv52p,n870zv51d,247465,,
j3860q496,j3860q48x,244778,,
n870zt495,n870zs40g,249602,,
j3860n41k,j3860n409,244825,,
j3860m39b,j3860m37s,244805,,
n870zt028,n870zt03j,254059,,
n870zx94m,n870zx93b,247949,,
n870zz96c,n870zz953,247922,,
n870zs129,n870zs13k,247471,,
j3860p35n,j3860p36x,247682,,
n870zv00x,n870zt99c,254071,,
n870zr27q,n870zr301,254038,,
n870zx23n,,247898,,
n870zs16d,n870zs17p,247472,,
j3860q31r,j3860q30g,244863,,
jm2158999,jm2158981,254927,,
k3569c662,k3569d06t,254271,,
jm215850v,jm2155710,251428,,
k3569c70n,k3569c69w,254273,,
jm215840m,jm215839v,247711,,
jm215b06q,jm215b05f,254991,,
jm215865g,jm2156474,252775,,
k3569943b,k35699422,243649,,
k3569c60d,k3569c59n,248689,,
jm2156253,jm2157348,255539,,
jm215b59r,jm215b58g,255004,,
kp78hf89g,kp78hf886,254200,,
jm215691p,jm2155001,252968,,
k35699376,k3569936x,250528,,
k35699618,k35699600,250510,,
kp78h3795,kp78h378w,245752,,
kp78h834v,kp78h833k,252740,,
kp78h489m,kp78h488b,255498,,
kp78h4448,kp78h4430,254124,,
kp78h690s,kp78h6891,254089,,
kp78h338x,kp78h337n,247526,,
kp78h851h,kp78h8507,249193,,
kp78h340z,kp78h3396,247527,,
kp78h4405,kp78h439d,254117,,
kp78h526j,kp78h5258,254142,,
kp78h347w,kp78h345b,247533,,
kp78h612d,kp78h610v,247522,,
kp78h629k,kp78h6289,245747,,
kp78h711b,kp78h7102,247559,,
kp78h415t,kp78h414j,254094,,
kp78h663w,kp78h662m,247550,,
kp78h692b,kp78h6912,254090,,
kp78h5789,kp78h5347,249198,,
kp78h371z,kp78h370p,247545,,
kp78h3132,kp78h3086,247491,,
kp78h623x,kp78h622n,247528,,
kp78h812t,kp78h8108,247586,,
bv73c920f,bv73c919p,245087,,
bv73c918d,bv73c9174,247773,,
bv73c916v,bv73c915k,247772,,
bv73c9883,bv73c987t,247789,,
bv73c995h,bv73c9947,249308,,
bv73c982f,bv73c9815,245097,,
bv73c947v,bv73c946k,245093,,
bv73c8631,bv73c862r,252862,,
n870zr90g,n870zr91r,248413,,
n870zr88f,n870zr89q,248412,,
ws859t93h,ws859t94s,249413,,
ws859t952,ws859t96b,249414,,
ws859t97m,ws859t98w,249415,,
ws859m63j,ws859m628,245129,,
n870zv989,n870zx85n,249371,,
ws85b625t,ws85b6263,251121,,
ws85b8770,ws85b876q,,,
jm214q404,jm214q383,,,
jm215692z,jm215505d,255530,,
kp78hf95m,kp78hf94b,247628,,
jm2156121,jm215611r,252842,,
kp78hf78z,kp78hf77p,247622,,
k3569719v,k3569718k,250516,,
k3569714g,k35697136,247724,,
k3569763d,k35697624,255664,,
k3569751m,k3569750b,249228,,
k35697692,k3569768s,255164,,
k3569979q,k35699775,248691,,
k35697268,k3569720m,245779,,
k3569941s,k3569931j,254257,,
jm215649p,jm2158689,250581,,
kp78hf92s,kp78hh039,254151,,
kp78hf01b,kp78h02,247606,,
kp78hf76d,kp78hf754,247621,,
kp78hf729,kp78hf711,254198,,
kp78hf59r,kp78hf487,254158,,
jm214q61w,jm214q625,244963,,
kp78hf61s,kp78hf60h,247617,,
jm214q162,jm214q15s,244942,,
jm214q960,jm214q95q,244978,,
jm215639f,jm2156385,245761,,
jm214p98b,jm214p972,244934,,
jm214p92p,jm214p91d,244931,,
jm2155664,jm215711z,252828,,
jm2155753,jm215574t,251430,,
jm215502k,jm215690d,252969,,
jm2155486,jm215547x,252823,,
kp78hd855,kp78hd86f,247600,,
jm215583s,jm215582h,245771,,
jm2155222,jm2157020,252815,,
jm215573j,jm2158514,251429,,
jm2155931,jm215592r,247716,,
jm2155133,jm215506p,254892,,
jm214p96s,jm214p95h,244933,,
jm214p726,jm214p67b,244926,,
jm214p858,jm214p840,244928,,
jm214p238,jm214p20f,244916,,
jm214p883,jm214p637,244872,,
kp78hd898,kp78hd919,244753,,
jm2154676,jm215462t,250505,,
jm214s512,jm214s41t,,,
jm214s21b,jm214s199,245034,,
jm214s94v,jm214s83b,244870,,
jm214s092,jm214r98r,244882,,
jm214s74c,jm214s733,244900,,
jm215396f,jm2153955,249216,,
k3569858r,k3569857g,249241,,
jm215c05n,jm215c04c,255025,,
jm215c88d,jm215c874,254944,,
k35698680,k3569867q,247750,,
k3569886x,k3569885n,243663,,
k35698060,k3569805q,247736,,
kp78hj47k,kp78hj469,252741,,
kp78hj88t,kp78hj87j,247593,,
k3569691c,k35696903,245055,,
kp78hg41h,kp78hg407,247639,,
kp78hg831,kp78hg82r,254212,,
jm215c18q,jm215b070,254900,,
jm215c33t,jm215c91q,255040,,
jm215c01j,jm215c008,255023,,
k3569b68d,k3569b674,255046,,
k3569b86b,k3569b852,247747,,
k3569b99d,k3569b941,248683,,
k3569b07p,k3569b06d,254265,,
k3569b321,k3569b31r,243659,,
kp78hj052,kp78hj04s,254232,,
kp78hj672,kp78hj66s,254247,,
kp78hj93p,kp78hj92d,254171,,
kp78hj99b,kp78hj982,254174,,
kp78hj00p,kp78hh994,254230,,
kp78hg785,kp78hg77w,254209,,
n870zs79p,,244744,,
n870zv91c,n870zv903,248397,,
n870zx566,n870zx54n,249356,,
n870zz25d,n870zz14w,250541,,
n870zw23f,,249351,,
n870zz155,n870zz13m,247958,,
j3860m32d,j3860m314,244804,,
n870zs50q,n870zs510,254046,,
j3860p76w,j3860p75m,252762,,
n870zx388,,255550,,
jm214q49m,jm214q48b,244957,,
n870zs421,n870zs439,254042,,
n870zt44s,n870zt43h,248659,,
kp78hh89w,kp78hh88m,254225,,
n870zw10c,n870zw11n,251115,,
n87100355,n8710034w,247941,,
kp78hh85s,kp78hh84h,254223,,
j3860n922,j3860n91s,252747,,
n870zt48w,n870zt47m,248661,,
n870zw67h,n870zw667,245161,,
j3860q827,j3860q81z,244791,,
jm215b487,jm215b47z,254999,,
k3569c15k,k3569c149,249244,,
k3569c131,k3569c12r,249243,,
k3569c28n,k3569c27c,243671,,
jm215816j,jm215446f,248451,,
jm215b83t,jm215b82j,255015,,
jm215b01b,jm215885z,254988,,
k3569934c,k3569932t,250526,,
k3569c73g,k3569c71x,254274,,
jm2158892,jm215c24v,255034,,
jm215b291,jm215b28r,254998,,
jm215b94b,jm215b932,255020,,
kp78hf14d,kp78hf134,254182,,
kp78hf52t,kp78hf51j,247613,,
kp78hf25x,kp78hf24n,254187,,
kp78h3816,kp78h380x,254077,,
kp78h6556,kp78h656g,247546,,
kp78h476j,kp78h4758,247569,,
kp78h321r,kp78h320g,247519,,
kp78h314b,kp78h560v,247516,,
kp78h855m,kp78h8532,255485,,
kp78h553f,kp78h582w,247506,,
kp78h4138,kp78h4120,254091,,
kp78h325v,kp78h324k,247521,,
kp78h676z,kp78h675p,254079,,
kp78h5479,kp78h5461,248145,,
kp78h501p,kp78h500d,248441,,
kp78h327d,kp78h3264,249194,,
kp78h5436,kp78h542x,254883,,
kp78h571c,kp78h4227,254103,,
kp78h837p,kp78h830r,255483,,
kp78h703n,kp78h702c,254099,,
bv73c828f,bv73c8275,247796,,
bv73c855b,,247808,,
jm215993v,jm215992k,254984,,
jm215953w,jm215952m,254965,,
jm215959j,jm2159588,254968,,
jm2159235,jm215922w,254950,,
jm215984w,jm215983m,254980,,
jm215925q,jm215924f,254951,,
jm215973c,jm2159723,254974,,
jm215904z,jm215903p,254932,,
jm2159413,jm215930k,254905,,
jm2159367,jm215935z,254956,,
jm2159324,jm215931v,254954,,
jm215938s,jm215937h,254957,,
jm215946g,jm2159456,254962,,
jm2159634,jm215962v,254969,,
jm215951b,jm2159502,254964,,
jm215b68q,jm215b67f,255008,,
jm215b86n,jm215b843,255016,,
jm215b34w,jm215b33m,251431,,
jm2159944,jm215995d,254985,,
k3569820t,k35698192,247739,,
k3569818s,k3569817h,245072,,
jm214q72d,jm214q714,244967,,
jm214q05j,jm214q048,244937,,
jm214q85g,jm214q846,244973,,
jm215b54c,jm215b55n,255002,,
jm215b23c,jm215b223,254996,,
kp78hf15p,kp78h45,254156,,
jm214q668,jm214q64q,244964,,
jm215668w,jm2154145,252786,,
jm215b27g,jm215b266,254997,,
jm215996p,jm215997z,254986,,
jm2159481,jm215947r,254963,,
k35698655,k3569864w,249242,,
jm215657c,jm2156563,248449,,
kp78hj56j,kp78hj558,248448,,
kp78hj21f,kp78hj205,254239,,
kp78hg475,kp78hg46w,247641,,
kp78hg300,kp78hg297,247635,,
kp78hg85k,kp78hg849,254212,,
k35696679,k35696661,243652,,
k3569689b,k35696882,247720,,
n870zt13s,n870zt142,254061,,
n870zr82s,n870zr84b,254041,,
n870zv58b,n870zv572,248385,,
n870zz97n,n870zz98x,247923,,
n870zs218,n870zs22j,251397,,
n870zx13d,n870zx124,247893,,
n870zv60c,n870zv59m,248386,,
n870zv74q,n870zv73f,250485,,
n87100444,n8710043v,247946,,
j3860n72k,j3860n719,249607,,
n8710011k,n87100109,247930,,
n870zv130,n870zv12q,250731,,
n870zs36w,n870zs375,247474,,
jm214q14h,jm214q137,244941,,
j3860q22s,j3860q21h,244859,,
n870zt605,n870zt59d,248666,,
kp78hh837,kp78hh82z,254222,,
n870zr54m,n870zr57f,244737,,
n870zw89j,n870zw888,249610,,
n870zr22b,n870zr26f,254037,,
jm214q09n,jm214q08c,244939,,
jm214q94f,jm214q935,244977,,
ws859v35t,ws859v38n,252927,,
ws859t26n,ws859t79p,248706,,
j3860p14w,j3860p13m,244849,,
jm215807k,jm2156716,249218,,
jm215b99q,jm215b98f,255022,,
k3569c77k,k3569c751,254276,,
jm215863x,jm215642r,255513,,
k3569c858,k3569c840,245084,,
jm215829m,jm2158247,252770,,
k3569c09f,k3569c085,245805,,
jm215859b,jm215789v,250745,,
jm215b109,jm215b09j,254992,,
jm215b398,jm215b380,251434,,
k35699686,k3569967x,250511,,
k3569c25t,k3569c24j,243670,,
jm215617d,jm2156164,252845,,
jm215b886,jm215b87x,255017,,
jm215879t,jm215944x,254961,,
k3569c37m,k3569c36b,248699,,
jm215828b,jm2158272,252771,,
jm215666b,jm2156652,252781,,
kp78hf87x,kp78hf86n,247626,,
kp78h329z,kp78h328p,247523,,
kp78h436k,kp78h4295,255482,,
kp78h678h,kp78h6777,254084,,
kp78h4979,kp78h4961,251410,,
kp78h635q,kp78h634f,255493,,
kp78h8575,kp78h856w,255486,,
kp78h520w,kp78h5194,249605,,
kp78h805d,kp78h806p,247583,,
kp78h707r,kp78h706g,254101,,
kp78h735x,kp78h734n,254127,,
kp78h7829,kp78h7811,248439,,
kp78h4359,kp78h4341,254114,,
kp78h3107,kp78h309g,247512,,
kp78h728h,kp78h7277,254120,,
kp78h562d,kp78h3175,245738,,
kp78h737g,kp78h7366,254128,,
kp78h625g,kp78h6246,247531,,
kp78h601w,kp78h600m,247518,,
kp78h762t,kp78h761j,248433,,
kp78h585q,kp78h584f,247511,,
kp78h744w,kp78h743m,247560,,
kp78h861r,kp78h860g,247510,,
kp78h532p,kp78h531d,254146,,
kp78h3638,kp78h361q,247541,,
kp78h613p,kp78h6068,247492,,
kp78h7897,kp78h788z,247577,,
kp78h792j,kp78h7918,251410,,
kp78h3239,kp78h3221,245743,,
kp78h369x,kp78h368n,245751,,
kp78h672v,kp78h671k,247553,,
kp78h7455,kp78h738r,247498,,
kp78h482p,kp78h481d,254133,,
kp78h713w,kp78h712m,254108,,
kp78h318f,kp78h564z,245741,,
kp78h654x,kp78h6492,247495,,
kp78h8176,kp78h816x,249604,,
kp78h7765,kp78h775w,245754,,
kp78h505s,kp78h504h,247581,,
kp78h774m,kp78h773b,254134,,
kp78h359p,kp78h358d,247538,,
kp78h802k,kp78h795c,247499,,
kp78h6050,kp78h604q,245745,,
kp78h319q,kp78h5657,245742,,
kp78h463g,kp78h461x,251403,,
kp78h608t,kp78h607j,247520,,
kp78h7498,kp78h7480,247563,,
kp78h352r,kp78h346m,247493,,
kp78h3417,kp78h334t,249189,,
kp78h386k,kp78h387v,247555,,
kp78h674d,kp78h6734,254078,,
kp78h3905,kp78h389d,247556,,
jm215c90f,jm215c89p,255155,,
jm215b63b,jm215b52t,254911,,
ws859w93x,ws859w946,255178,,
jm2158824,jm2159677,254971,,
jm215c717,jm215c70z,254938,,
jm215c475,jm215c46w,254922,,
jm215c97c,jm215c963,255043,,
jm215974n,jm2158867,254976,,
jm2159609,jm2159499,254906,,
bv73c819g,bv73c8186,247792,,
bv73c813t,bv73c812j,252861,,
n870zs952,n870zs84j,248381,,
jm215751x,jm215750n,252804,,
jm2157216,jm215720x,245774,,
jm2157195,jm2155949,247717,,
jm215748m,jm215747b,252801,,
jm215713h,jm215558f,255508,,
jm2157658,jm2157640,247705,,
jm215757k,jm2157569,252808,,
jm2157925,jm215623j,254251,,
jm215781n,jm215609q,252839,,
jm215701q,jm215519r,255537,,
jm215727v,jm215726k,248460,,
kp78hd99h,kp78hd987,247605,,
jm215716b,jm2157152,247714,,
jm2157615,jm215760w,247700,,
jm2157704,jm2155176,252814,,
jm215735j,,247689,,
jm215794q,jm215793f,254252,,
jm215742z,jm215741p,250748,,
jm2157879,jm2157861,252847,,
jm215753g,jm2154790,252806,,
jm2157594,jm2154897,245043,,
jm215740d,jm215654j,252778,,
jm215705t,jm215704j,247712,,
jm215723r,jm215722g,245775,,
kp78hd93v,kp78hd82b,255149,,
jm215708n,jm215555m,248459,,
jm215714s,jm2155728,255509,,
jm215763q,jm215496n,247704,,
jm215771d,jm215769c,255535,,
jm2157305,jm215729d,252840,,
jm215775h,jm2157747,245772,,
jm214s54w,jm214s53m,244891,,
jm215411b,jm215804r,255520,,
jm2154234,jm215422v,254893,,
jm2154544,jm215447q,254250,,
jm215440s,jm2154391,252794,,
jm215486d,jm2154854,247697,,
jm215452k,jm2154519,245767,,
jm214p87t,jm214p86j,244929,,
jm2154480,jm2158204,247694,,
jm215470h,jm215679d,245768,,
jm215413w,jm215412m,255521,,
jm215403n,jm215667m,245764,,
jm2154099,jm2154081,247691,,
jm2154633,jm215745s,255526,,
jm214s93k,jm214s929,244909,,
jm214s69h,jm214s687,244898,,
jm214s63v,jm214s62k,244895,,
jm214s14x,jm214s13n,245031,,
jm215c23k,jm215c190,254914,,
jm215c82r,jm215c81g,254943,,
kp78hj116,kp78hj10x,254235,,
kp78hj230,kp78hj22q,254240,,
k3569678t,k3569677j,250514,,
kp78hg45m,kp78hg44b,254207,,
kp78hg99x,kp78hh00g,254215,,
kp78hg32j,kp78hg318,250500,,
kp78hg806,kp78hg79f,254210,,
kp78hg564,kp78hg55v,244754,,
kp78hg190,kp78hg18q,248443,,
kp78hg58p,kp78hg57d,255150,,
kp78hg211,kp78hg20r,248444,,
kp78hg254,kp78hg24v,247634,,
kp78hg521,kp78hg51r,247643,,
kp78hg17f,kp78hg165,254205,,
kp78hg90f,kp78hg88d,244756,,
kp78hg033,kp78hg02t,247632,,
jm215c033,jm215c02t,255024,,
k35698808,k3569879h,247752,,
jm215c343,jm215894x,254915,,
k3569b186,k3569b17x,243657,,
k3569b44t,k3569b43j,247729,,
k3569b143,k3569b13t,247725,,
k3569b232,k3569b22s,245790,,
kp78hj65h,kp78hj647,254246,,
kp78hj06b,kp78hj07m,254233,,
kp78hj48v,kp78hj37b,254168,,
kp78hj13r,kp78hj12g,254236,,
kp78hg98n,kp78hg97c,254214,,
kp78hg920,kp78hg81g,254163,,
kp78hg72h,kp78hg717,248446,,
kp78hg963,kp78hg95t,247646,,
kp78hg94j,kp78hg938,245757,,
kp78hg70z,kp78hg59z,254162,,
k3569670m,k3569669v,245782,,
n87100291,n8710028r,247938,,
n870zs685,n870zs69f,247476,,
n870zv415,n870zv40w,248384,,
n870zv857,n870zv84z,248394,,
n870zr32k,n870zr33v,254040,,
n870zz12b,n870zz112,247957,,
k3569d030,k3569d02q,252859,,
n870zx11v,n870zx10k,245157,,
kp78hk07t,kp78hk06j,247596,,
j3860p27z,j3860p26p,247680,,
j3860q28f,j3860q275,244862,,
j3860q24b,j3860q232,244860,,
jm214q79b,jm214q782,244970,,
n870zz54v,n870zz53k,251446,,
kp78hh32r,kp78hh31g,247656,,
n870zx35f,n870zx345,247903,,
j3860p180,j3860p17q,244851,,
j3860n98q,j3860n97f,244843,,
n870zx698,,247890,,
n870zs197,n870zs200,247473,,
n870zz23v,n870zz22k,247962,,
n870zx79h,n870zx787,249367,,
n870zv11f,n870zv105,249187,,
n870zs72r,n870zs749,247477,,
j3860p45w,j3860p465,249214,,
j3860m43x,j3860m42n,244807,,
ws859v59d,ws859v605,255090,,
jm215b64m,jm215b622,255006,,
k3569c68m,k3569c67b,254272,,
k3569c30p,k3569c29x,247758,,
jm2158115,jm215810w,255523,,
jm215b12v,jm215b11k,254993,,
k3569971h,k35699643,248677,,
jm215b85c,jm215b74v,254912,,
k3569c769,k3569c65s,251103,,
jm2156296,jm215628x,247687,,
jm215664s,jm2154013,255517,,
kp78hf30s,kp78hf291,254189,,
jm215605m,jm215604b,249223,,
jm2156759,jm2156741,248671,,
kp78h411q,kp78h410f,254088,,
kp78h5283,kp78h527t,254144,,
kp78h472f,kp78h4715,247566,,
kp78h312s,kp78h311h,247513,,
kp78h6271,kp78h626r,247532,,
kp78h365t,kp78h364j,245749,,
kp78h6360,kp78h6378,255494,,
kp78h843t,kp78h842j,247501,,
kp78h499v,kp78h498k,248440,,
kp78h442q,kp78h441f,254122,,
kp78h538b,kp78h5372,245736,,
kp78h7587,kp78h757z,251405,,
kp78h3752,kp78h374s,255496,,
kp78h4252,kp78h424s,254108,,
kp78h427m,kp78h426b,254108,,
kp78h3948,kp78h3930,254081,,
kp78h5878,kp78h5860,247514,,
kp78h7854,kp78h783k,255499,,
kp78h8019,kp78h8001,252738,,
kp78h797x,kp78h796n,247579,,
kp78h4783,kp78h477t,254132,,
kp78h566h,kp78h3442,247530,,
kp78h7608,kp78h759h,251408,,
kp78h533z,kp78h5771,252739,,
kp78h449n,kp78h573x,254130,,
ws859h13q,ws859h12f,251112,,
ws859n91x,ws859n90n,249397,,
kp78h549v,kp78h579k,248428,,
kp78h307x,kp78h306n,252733,,
ws859m42s,,249335,,
ws859m01j,,249345,,
ws85b8478,ws85b845q,,,
jm214t012,jm214s997,244912,,
jm215929t,jm215928j,254953,,
jm215982b,jm2159812,254979,,
jm215911c,jm2159103,254899,,
jm2159919,jm2159901,254983,,
jm2159082,jm215c86v,255154,,
jm215975x,jm215884p,254975,,
jm215902d,jm215c564,254929,,
jm215906h,jm2159057,254933,,
jm215971t,jm215970j,254973,,
k3569898q,k3569897f,245081,,
k3569854n,k35698434,248680,,
k35698299,k35698281,249236,,
k3569811v,k3569810k,254268,,
k3569872k,k35698719,245075,,
k35698787,k3569877z,245801,,
k35698409,k3569839j,245797,,
jm215c63j,jm215c628,254934,,
jm215c521,jm215c50g,254925,,
jm215c60q,jm215c59z,254931,,
jm215c806,jm215c79f,254942,,
jm215c076,jm215b96w,254913,,
k3569836q,k3569835f,245795,,
jm215c10h,jm215c09r,255027,,
jm215c831,jm215c72h,254903,,
jm215c28z,jm215c26d,255037,,
jm215c229,jm215c211,255033,,
k35698388,k35698370,245796,,
k3569814p,k3569808j,248462,,
k3569826g,k3569827r,247742,,
kp78hj540,kp78hj53q,254244,,
k35696750,k3569673f,252854,,
k35696814,k35696793,254263,,
jm215c36n,jm215c35c,254917,,
k35698213,k3569822c,247740,,
jm215c432,jm215c41h,254920,,
jm215c49q,jm215c39g,254901,,
k3569b65k,k3569b100,243648,,
k3569b38p,k3569b39z,245065,,
k3569b61g,k3569b59f,248468,,
k3569b827,k3569b81z,249235,,
kp78hj362,kp78hj35s,247665,,
kp78hj25j,kp78hj248,254241,,
kp78hj28c,kp78hj273,254887,,
kp78hj74g,kp78hj736,247592,,
kp78hj94z,kp78hj914,254172,,
kp78hg653,kp78hg64t,254886,,
kp78hg610,kp78hg60q,244755,,
k3569683p,k3569682d,249226,,
n870zw250,n870zw24q,254321,,
n870zv65r,n870zv64g,248387,,
n870zx20t,n870zx192,247896,,
n870zv679,n870zv661,248388,,
n870zr700,n870zr718,248407,,
n870zs03b,n870zs04m,248419,,
n870zx876,n870zx86x,249372,,
n8710046p,n8710045d,247947,,
n870zx57g,n870zx55x,249358,,
j3860m70t,j3860m692,249203,,
n870zx97f,n870zx965,247950,,
n87100223,n8710021t,247935,,
n870zw12x,,245151,,
jm214q51n,jm214q50c,244958,,
n870zx22c,n870zx213,247897,,
n870zr17g,n870zr18r,247468,,
n870zt320,n870zt338,255477,,
n870zw91k,n870zw909,245163,,
kp78hh07d,kp78hh08p,247649,,
ws859j75x,ws859j74n,251442,,
j3860m92v,j3860m909,244820,,
jm215b77p,jm215b76d,255012,,
k3569c56t,k3569c55j,248686,,
jm215826s,jm215825h,255506,,
k3569c220,k3569c238,243669,,
jm215888s,jm215c17f,255031,,
jm215b045,jm215b03w,254990,,
jm215b18h,jm215b177,254994,,
jm215881v,jm215966z,254970,,
jm215844q,jm215843f,252821,,
k3569c794,k3569c78v,255666,,
jm215892c,jm2158913,255035,,
jm2158760,jm215875q,255156,,
k3569c416,k3569c40x,249245,,
jm215801x,,252785,,
k3569c174,k3569c16v,243664,,
jm215871m,jm215870b,245762,,
jm2158956,jm215c32j,254916,,
jm215b16z,jm215b15p,255540,,
jm215b61s,jm215b60h,255005,,
jm215883d,jm215969s,254972,,
k3569c017,k3569c00z,243662,,
jm215b70r,jm215b690,255009,,
jm2158582,jm215857s,255510,,
kp78hf45d,kp78hf444,254197,,
kp78hf32b,kp78hf312,254190,,
kp78hf380,kp78hf398,254193,,
k3569940h,k3569c64h,,,
k3569916f,k35699155,248473,,
kp78h5746,kp78h4694,244749,,
kp78h815n,kp78h814c,254137,,
kp78h849g,kp78h8486,249192,,
kp78h730j,kp78h729s,254124,,
kp78h771s,kp78h7722,248436,,
kp78h859q,kp78h858f,255487,,
kp78h617s,kp78h6157,244750,,
kp78h395j,kp78h3884,255480,,
kp78h597h,kp78h595z,250492,,
kp78h3973,kp78h396t,254084,,
kp78h507b,kp78h5062,249196,,
kp78h459w,kp78h458m,247565,,
kp78h4847,kp78h483z,247571,,
kp78h451p,kp78h450d,244751,,
kp78h423h,kp78h419x,248427,,
kp78h721k,kp78h7209,254116,,
n870zr81h,n870zr832,248411,,
bv73c852h,bv73c8517,247807,,
ws859m653,ws859m54k,245117,,
ws859k95m,ws859k94b,254289,,
ws85b405x,ws85b2161,,,
jm214p60d,jm214p59n,244923,,
jm214p174,jm214p16v,244866,,
jm214p52q,jm214p18d,244871,,
jm214p58c,jm214p573,244922,,
jm215955f,jm2159545,254966,,
jm215909b,jm215907s,255153,,
jm2159898,jm2159880,254982,,
jm2159278,jm2159260,254952,,
jm215986f,jm2159855,254981,,
jm2159570,jm215956q,254967,,
jm215943n,jm215942c,254959,,
jm215961k,jm215880k,255157,,
jm215934p,jm215933d,254955,,
jm215965p,jm215964d,255158,,
kp78hd84w,kp78hd83m,254180,,
jm214p904,jm214p89c,244930,,
kp78hf06q,kp78h5f,247608,,
jm215627n,jm215626c,247718,,
jm215695s,jm2156937,255531,,
kp78hf34w,kp78hf33m,254191,,
jm2156449,jm2158646,255514,,
kp78hf43v,kp78hf42k,254195,,
jm215601h,jm2157284,248672,,
kp78hf12v,kp78hf11k,254181,,
jm2156431,jm2156342,250576,,
jm215698m,jm215697b,247707,,
kp78hf20j,kp78hf18h,254184,,
jm215686t,jm215487p,247698,,
kp78hf818,kp78hf70r,254159,,
jm215615v,jm2156075,252773,,
kp78hf508,kp78hf49h,247612,,
jm2156627,jm2157437,250749,,
jm214q536,jm214q42p,244875,,
kp78hf65w,kp78hf64m,250498,,
k3569956d,k35699554,254259,,
k3569980g,k3569978f,254262,,
jm215524m,jm215523b,247708,,
jm215511j,jm2155108,252811,,
jm215530r,jm215528q,245044,,
jm215591g,jm215718w,247715,,
jm215507z,jm215694h,255532,,
jm215509h,jm215699w,255533,,
jm215503v,jm2155044,255529,,
jm215589f,jm2155885,252836,,
jm215546n,jm2158450,252822,,
kp78hd95d,kp78hd944,247603,,
jm215560g,jm215559q,252824,,
jm215552s,jm215707c,248458,,
jm215536d,jm2155311,255507,,
jm2155796,jm215578x,245050,,
kp78hd92k,kp78hd901,247602,,
jm2155329,jm2158379,251427,,
jm215564k,jm2155639,252826,,
jm2155265,jm215700f,245042,,
jm215551h,jm215549g,248457,,
jm215514c,jm2157683,252813,,
jm215569z,jm215570q,252832,,
k3569703z,k3569702p,245060,,
k35697314,k3569730v,245787,,
k3569774x,k3569773n,245067,,
k3569728t,,243654,,
k3569755q,k3569754f,247727,,
k35697225,k3569721w,255163,,
k3569783w,k35697845,250520,,
k3569710c,k3569709m,245062,,
k3569741c,,248698,,
k3569745g,k35697446,245788,,
k35697934,k3569792v,245069,,
k3569799s,k3569798h,249232,,
k3569777r,k3569770t,250507,,
k3569791k,k35697909,247735,,
k3569706s,k3569705h,247723,,
k3569938g,k3569939r,250529,,
k35699996,k3569997n,247722,,
k3569913m,k35699112,245082,,
kp78hd97z,kp78hd96p,247604,,
jm215516x,jm215515n,255534,,
jm215585b,jm2155842,252834,,
jm215554b,jm2155532,254897,,
jm2155418,jm2155397,252820,,
jm215577n,jm2158557,245049,,
jm215521s,jm215520h,252970,,
jm215587w,jm215776s,245773,,
jm214p548,jm214p530,244920,,
jm214p56t,jm214p55j,244921,,
jm214p21q,jm214p19p,244915,,
jm214p73g,jm214p662,244927,,
n870zz72s,n870zz62j,255166,,
jm214q12z,jm214q11p,244940,,
n870zv07v,n870zv06k,255478,,
kp78hk03q,kp78hk02f,254175,,
n87100002,n870zz996,247924,,
j3860n76p,j3860n75d,244838,,
n870zx64w,n870zx63m,249360,,
j3860m81b,j3860m802,247672,,
n870zw34z,,249352,,
n870zx66f,n870zx655,249361,,
kp78hh25b,kp78hh242,247653,,
n870zx808,,247891,,
k3569749k,k35697471,245789,,
j3860q84s,j3860q83h,244792,,
j3860p155,j3860p16f,244850,,
j3860q984,j3860q97v,250738,,
j3860m12x,j3860m11n,247669,,
kp78hk51c,kp78hk503,247638,,
n870zs57n,n870zs58x,254049,,
kp78hk147,kp78hk13z,247598,,
n870zt93q,n870zt92f,248425,,
kp78hh41q,kp78hh40f,247660,,
ws859x11n,ws859x21w,255067,,
j3860q55b,j3860q542,244781,,
jm215887h,jm215b02m,254989,,
jm215b32b,jm215b312,250983,,
jm215861c,jm2158603,250746,,
k3569c548,k3569c530,254261,,
k3569c07w,k3569c06m,247754,,
jm215834g,jm2158336,245046,,
jm215b533,jm215b51j,255001,,
k3569c98b,k3569c87t,251437,,
jm215897r,jm215896g,254924,,
k3569c05b,k3569c042,245077,,
jm215852d,jm215576c,252833,,
jm215682q,jm215681f,248455,,
jm215610g,jm215782x,252841,,
jm215646v,jm215645k,255515,,
jm2156032,jm215780c,248675,,
kp78hf23c,kp78hf223,254186,,
kp78hf54c,kp78hf533,247614,,
jm215637w,jm215636m,245759,,
k3569976w,k3569975m,248464,,
k3569998x,k35699928,252852,,
kp78h486s,kp78h576r,254075,,
kp78h7900,kp78h784v,245457,,
kp78h594p,kp78h5924,247517,,
kp78h470w,kp78h468v,251408,,
kp78h432g,kp78h4316,254110,,
kp78h8133,kp78h811j,247587,,
kp78h4384,kp78h437v,254116,,
kp78h719j,kp78h7188,254113,,
kp78h742b,kp78h7412,254131,,
kp78h509w,kp78h508m,247584,,
kp78h598s,kp78h5967,245740,,
kp78h4804,kp78h479c,247570,,
kp78h5037,kp78h502z,247580,,
jm215c742,jm215c73s,254939,,
ws859w43q,ws859w42f,255193,,
jm215c13b,jm215c14m,255029,,
jm215b818,jm215b800,255014,,
ws85b090w,ws85b0894,255125,,
ws859w47t,ws859w483,255195,,
k3569695g,k35696946,245057,,
k3569687s,k3569686h,249227,,
k35696636,k3569662x,248692,,
k3569680v,k35699910,254264,,
k3569693x,k3569692n,255541,,
k3569656s,k3569655h,243647,,
bv73c879x,bv73c878n,245104,,
n870zr921,n870zr939,248414,,
n870zr94k,n870zr95v,248415,,
ws85b423v,ws85b236h,251119,,
ws859g80c,ws859g79m,249324,,
kp78h8397,kp78h838z,243646,,
n870zx078,,243677,,
j3860n54n,j3860n44d,244765,,
j3860q07p,j3860p97n,244771,,
j3860q87m,j3860q88w,250735,,
j3860p732,j3860m072,252761,,
n870zr212,n870zq89h,255472,,
kp78hk29v,kp78hk28k,254179,,
j3860n078,j3860n060,247675,,
n870zw27j,n870zw268,255055,,
j3860n57g,j3860n566,244831,,
jm214q315,jm214q30w,244949,,
j3860q207,j3860q19g,247686,,
n870zv059,n870zt940,250730,,
j3860m870,j3860m86q,244818,,
n870zz74b,n870zz732,247915,,
n870zt15b,n870zt16m,247483,,
kp78hk279,kp78hk261,254178,,
j3860n48h,j3860n477,244828,,
n870zt983,n870zt97t,254070,,
j3860q69p,j3860q68d,244787,,
jm214q01f,jm214q005,244935,,
n870zt826,n870zt81x,254067,,
n870zs14v,n870zs154,248422,,
j3860p25d,j3860p244,252750,,
j3860p511,j3860p529,252751,,
kp78hh659,kp78hh641,251423,,
j3860m65z,j3860m64p,249201,,
j3860p686,j3860p67x,252759,,
n870zz32t,n870zz31j,247966,,
n870zx53c,n870zx523,245459,,
n870zw624,n870zw61v,255062,,
n870zr86w,n870zr875,244740,,
jm214q23g,jm214q226,244945,,
j3860p112,j3860p08r,249211,,
j3860q71q,j3860q70f,247671,,
n870zx409,n870zx39j,247905,,
n870zw01d,,247892,,
n870zx299,n870zx281,247900,,
n870zs307,n870zs31h,244742,,
j3860q96k,j3860q959,250737,,
n870zv56s,n870zv55h,249177,,
kp78hh67v,kp78hh66k,251424,,
n870zv71w,n870zv70m,248389,,
n870zw977,n870zw96z,248497,,
j3860p72s,j3860p71h,252760,,
n870zs07f,n870zr964,247461,,
n870zs75k,n870zs76v,247478,,
j3860p910,j3860p90q,254891,,
n870zt249,,244747,,
n870zv34r,n870zv33g,248383,,
kp78hh80d,kp78hh79n,254221,,
jm214q251,jm214q24r,244946,,
j3860m15r,j3860m14g,244797,,
kp78hh78c,kp78hh773,254220,,
jm214q472,jm214q46s,244956,,
j3860p308,j3860p31j,244853,,
jm214q90b,jm214q89k,244975,,
j3860n46z,j3860n45p,244827,,
j3860n876,j3860n86x,249608,,
kp78hk12p,kp78hk11d,247597,,
n870zt516,n870zt52g,248662,,
j3860q15c,j3860q143,250744,,
jm214q76h,jm214q650,244876,,
j3860n50j,j3860n49s,250742,,
j3860m179,j3860m161,244797,,
j3860q86b,j3860q852,244793,,
j3860p85v,j3860p74b,244770,,
j3860p78f,j3860p775,252763,,
n870zz50r,n870zz490,247971,,
j3860n744,j3860n73v,244837,,
j3860q80p,j3860q79x,244790,,
n870zv09d,n870zv084,244748,,
j3860m41c,j3860m403,244806,,
n870zt541,n870zt53r,248663,,
n870zw471,n870zw46r,245159,,
n8710042k,n87100419,247945,,
n870zx02w,n870zx01m,255674,,
j3860p821,j3860p81r,252765,,
jm214q340,jm214q33q,244950,,
n870zx26g,n870zx256,247899,,
n870zv18c,n870zv173,248426,,
j3860q38p,j3860q37d,244773,,
j3860n680,j3860n67q,244836,,
kp78hh10q,kp78hh09z,247650,,
n870zt71p,n870zt70d,249186,,
kp78hh306,kp78hh29f,247655,,
j3860p219,j3860p091,244768,,
kp78hh50p,kp78hh49x,251416,,
j3860m08b,j3860q56m,244782,,
n870zs05w,,255473,,
j3860q53s,j3860q52h,244780,,
j3860q13t,j3860q12j,244857,,
n870zw004,,245150,,
n870zx060,,245155,,
j3860n33w,j3860n22c,244764,,
n870zq887,n870zq87z,249601,,
n870zw36h,n870zw357,255668,,
j3860n26g,j3860n256,244822,,
kp78hh54s,kp78hh53h,251418,,
j3860q66v,j3860q65k,255503,,
n870zw43x,,249353,,
n870zr75c,n870zr76n,248408,,
n870zx167,,255548,,
jm215739n,jm215738c,245760,,
jm214q60m,jm214q59v,244962,,
kp78hh128,kp78hh110,251415,,
n870zt69n,n870zt68c,249185,,
n870zr565,n870zr58q,244738,,
n870zv458,n870zv440,254036,,
n870zr37z,n870zr41j,244736,,
jm215461j,jm215676k,252799,,
n870zw45g,n870zw446,245158,,
n870zv47t,n870zv46j,252963,,
n870zw54f,,249354,,
n870zx04f,n870zx035,255675,,
n870zz63t,n870zz618,245166,,
jm215869k,jm215650f,252776,,
k3569c327,k3569c31z,248472,,
k3569c11g,k3569c106,245079,,
k3569c19p,k3569c18d,243665,,
k3569c352,k3569c34s,248474,,
k3569c51f,k3569953k,250508,,
jm215b36f,jm215b380,251434,,
k35699066,k35698990,248684,,
k35699201,k35699198,248701,,
k3569981r,k35699821,245053,,
jm215641g,jm2156406,252774,,
jm215b37q,jm215b355,251432,,
jm2158361,jm215835r,250751,,
k3569c441,k3569c43r,249249,,
jm2156210,jm215619z,252850,,
kp78hf63b,kp78hf622,247618,,
jm215661z,jm215660p,252779,,
kp78hf37q,kp78hf266,254157,,
kp78hf21t,kp78hf19s,254185,,
kp78hf56x,kp78hf55n,255501,,
k3569901t,k3569900j,250524,,
n870zt04t,n870zt053,254060,,
kp78h764c,kp78h7633,248434,,
kp78h536s,kp78h535h,254149,,
kp78h747q,kp78h746f,247562,,
kp78h4936,kp78h492x,247574,,
kp78h333j,kp78h3328,245746,,
kp78h6866,kp78h685x,247557,,
kp78h548k,kp78h541n,252735,,
kp78h402r,kp78h401g,248431,,
kp78h495r,kp78h494g,247576,,
kp78h446t,kp78h445j,254126,,
kp78h836d,kp78h8354,252965,,
kp78h420p,kp78h569b,254098,,
kp78h4626,kp78h460n,249195,,
kp78h809h,kp78h8087,254135,,
kp78h342h,kp78h343s,247529,,
kp78h778q,kp78h777f,248438,,
kp78h731t,kp78h7323,254126,,
kp78h6688,kp78h661b,255480,,
kp78h6513,kp78h650t,247543,,
n870zv43q,n870zv42f,247464,,
ws85b833x,ws85b832n,,,
ws85b844f,ws85b8435,,,
ws85b829b,ws85b8282,,,
j3860m46r,j3860m357,244762,,
n870zx48h,,248148,,
n870zs29g,n870zs18z,247462,,
j3860p56d,j3860p57p,252754,,
jm214q77s,jm214q757,244969,,
kp78hh39p,kp78hh38d,247659,,
j3860q606,j3860q59f,244784,,
j3860n523,j3860n51t,244829,,
n870zx60s,n870zx591,249358,,
n870zz219,n870zz201,247961,,
kp78hh45t,kp78hh44j,247662,,
kp78hh23s,kp78hh22h,247652,,
n8710009j,n87100088,247929,,
j3860n81j,j3860n808,244840,,
j3860p29h,j3860p287,244852,,
jm214q45h,jm214q447,244955,,
n870zs44k,n870zs45v,254043,,
n870zv946,n870zw382,255670,,
j3860q47n,j3860q364,244759,,
j3860n18s,j3860n17h,249207,,
n870zt74h,n870zt737,249603,,
j3860n39j,j3860n388,249208,,
kp78hk55g,kp78hk546,251412,,
n870zx15z,n870zx14p,247895,,
n870zt427,n870zt41z,248658,,
j3860p707,j3860p69g,252759,,
j3860p88p,j3860p89z,254890,,
j3860n55x,j3860n53c,244830,,
n870zr72j,n870zr73t,247470,,
jm214q54g,jm214q52x,244959,,
j3860n94m,j3860n93b,249210,,
n870zt46b,n870zt452,248660,,
j3860n77z,j3860n66f,244766,,
j3860n79h,j3860n787,244839,,
n870zv24h,n870zv237,254074,,
n8710027g,n8710025x,247937,,
n870zz910,n870zz90q,247920,,
kp78hh87b,kp78hh862,254224,,
j3860p05x,j3860p04n,244847,,
k3569708b,k35697072,245061,,
n870zt851,n870zt84r,247488,,
jm214q74z,jm214q73p,244968,,
n870zw403,n870zw39b,255671,,
n870zw781,n870zw77r,252902,,
j3860q46c,j3860q453,244777,,
j3860q75t,j3860q74j,244788,,
n870zv27b,n870zv262,250482,,
n870zw76g,,245152,,
n870zr590,n870zr60r,244739,,
j3860m45g,j3860m446,244808,,
jm214q294,jm214q28v,244948,,
j3860p600,j3860p618,252755,,
n870zv78t,n870zv77j,248390,,
j3860m54f,j3860m535,244812,,
j3860m10c,j3860q941,244795,,
j3860q738,j3860q720,250734,,
n870zt915,n870zt90w,248424,,
j3860m19v,j3860m18k,244798,,
kp78hk104,kp78hk09c,248442,,
j3860n27r,j3860n281,252746,,
j3860m799,j3860m781,244816,,
n870zr298,n870zr319,254039,,
n870zw293,n870zw28t,255058,,
n870zt00q,n870zt010,254058,,
j3860m96z,j3860m95p,252744,,
n870zs85t,n870zs863,244745,,
n870zt30f,n870zt31q,247484,,
jm214r62c,jm214r613,245008,,
jm214r45q,jm214r44f,245000,,
jm214r36r,jm214r35g,244996,,
jm214r32n,jm214r303,244994,,
jm214r389,jm214r371,244997,,
jm214r14q,jm214r13f,244986,,
k3569989z,k3569988p,250513,,
k3569922k,k35699219,249246,,
k3569966n,k3569965c,248688,,
jm2155817,jm215580z,245770,,
jm215565v,jm2157127,252827,,
jm2155443,jm215542j,254895,,
jm215779m,jm215778b,248674,,
jm2157772,jm215602s,248673,,
jm2156007,jm215595k,255511,,
jm215677v,jm215453v,252795,,
kp78hf975,kp78hf96w,247629,,
kp78hf797,kp78hf800,247623,,
kp78hf419,kp78hf401,254194,,
kp78hf177,kp78hf16z,254183,,
jm215651q,jm215872w,250747,,
jm2156228,jm2157950,254898,,
jm215655t,jm215648d,250577,,
jm214q82n,jm214q803,244971,,
n870zs87c,n870zs88n,254056,,
n870zr99z,n870zs00h,248417,,
n870zz17q,n870zz16f,247959,,
j3860p39r,j3860m06s,248667,,
n870zz308,n870zz29h,247965,,
j3860p490,j3860p50r,249215,,
n870zw870,,245153,,
j3860m85f,j3860m845,249204,,
n870zs332,n870zs35m,248423,,
n870zx82t,n870zx81j,249368,,
j3860m888,j3860m77r,247670,,
j3860m624,j3860m60k,244813,,
j3860n990,j3860n88g,244767,,
j3860n63m,j3860n62b,244834,,
n870zz04n,n870zz023,247953,,
n870zz10s,n870zz091,247956,,
jm214q20n,jm214q19w,244944,,
n870zt673,n870zt66t,249184,,
j3860q00r,j3860p996,252768,,
n870zs706,n870zs71g,254053,,
n870zz05x,n870zz066,247954,,
n870zw314,n870zw30v,255058,,
n870zs32s,n870zs34b,244743,,
j3860q77c,j3860q763,244789,,
ws85b3719,ws85b134r,254358,,
ws859x32d,ws859x43x,255067,,
j3860p23v,j3860p22k,252749,,
kp78hk236,kp78hk22x,250497,,
n870zt80n,n870zt79w,250489,,
ws85b4244,ws85b2471,252942,,
jm215b21t,jm215b20j,254995,,
k3569c62z,k3569c61p,248690,,
k3569c47v,k3569c46k,249251,,
k3569c42g,k3569c395,249248,,
jm215862n,jm215856h,254248,,
jm215b975,jm215b95m,255021,,
jm215b797,jm215b78z,255013,,
jm215b444,jm215b43v,254253,,
k3569944m,k3569945w,254258,,
jm215b754,jm215b73k,255011,,
jm215874f,jm2158735,254946,,
jm215b14d,jm215b134,255159,,
kp78hf46p,kp78hf47z,247611,,
jm2156962,jm2155087,247706,,
k3569972s,k3569c637,251435,,
k3569905x,k3569904n,250525,,
kp78h684n,kp78h683c,248432,,
kp78h770h,kp78h769r,252737,,
kp78h755d,kp78h7544,251402,,
kp78h6114,kp78h6093,255488,,
kp78h6335,kp78h632w,247536,,
kp78h688r,kp78h687g,254086,,
kp78h820h,kp78h819r,254140,,
kp78h421z,kp78h5703,254102,,
kp78h756p,kp78h7519,245735,,
kp78h3310,kp78h330q,247524,,
kp78h845c,kp78h8443,247502,,
kp78h823b,kp78h818g,247500,,
kp78h383r,kp78h382g,255497,,
kp78h696f,kp78h6955,254092,,
kp78h581m,kp78h5525,247504,,
kp78h4074,kp78h4006,247497,,
kp78h665f,kp78h6645,251400,,
kp78h572n,kp78h433r,254113,,
bv73c8649,bv73c853s,245086,,
bv73c883h,bv73c8827,247810,,
n870zr79g,n870zr807,248410,,
n870zw072,n870zw06s,250985,,
n870zt07n,n870zt08x,255476,,
ws85bb48z,ws85bb47p,,,
n870zw86q,n870zw845,245162,,
n870zw14g,n870zw136,251116,,
bv73c899d,bv73c8984,247816,,
bv73c877c,bv73c8763,245103,,
n870zr344,n870zr36p,248402,,
ws859g772,ws859g76s,249323,,
ws85b232d,ws85b2314,249429,,
bv73c826w,bv73c825m,247795,,
jm2159987,jm215987q,254908,,
jm2159766,jm215968h,254907,,
jm2159014,jm215900v,254928,,
jm214t04w,jm214t03m,244914,,
jm2153980,jm215663h,250750,,
jm2159189,jm2159171,254948,,
jm215921m,jm215920b,254949,,
jm215919k,jm215912n,254904,,
jm215980s,jm2159791,254978,,
jm2159146,jm215913x,254945,,
jm215978r,jm215977g,254977,,
jm215916r,jm215915g,254947,,
jm215940t,jm2159392,254958,,
k3569b84s,k3569b83h,247746,,
k3569b52h,k3569b517,250518,,
k3569b25m,k3569b24b,247726,,
k3569b74j,k3569b738,247738,,
k3569b03k,k3569b011,248465,,
k3569b90x,k3569b895,247749,,
kp78hj96h,kp78hj957,254173,,
k35696971,k3569696r,245057,,
k3569813d,k35698124,248471,,
jm215c95t,jm215c94j,255042,,
k3569b984,k3569b97v,245803,,
k3569b763,k3569b75t,249233,,
k3569b428,k3569b410,254267,,
k3569b16n,k3569b15c,243656,,
kp78hj81w,kp78hj80m,254170,,
kp78hj39w,kp78hj38m,254242,,
kp78hj868,kp78hj97s,254153,,
kp78hj583,kp78hj57t,254245,,
kp78hj52f,kp78hj515,244757,,
kp78hj095,kp78hj08w,254234,,
kp78hj90v,kp78hj893,247594,,
kp78hg432,kp78hg42s,247640,,
kp78hg343,kp78hg33t,247636,,
kp78hg23k,kp78hg229,247633,,
kp78hg874,kp78hg86v,254213,,
kp78hg696,kp78hg68x,248445,,
kp78hg48f,kp78hg37x,254161,,
n870zr68z,n870zr697,248406,,
n870zs08q,n870zs090,248420,,
n870zw98h,,245154,,
n870zt38n,n870zt274,248382,,
n870zr15x,n870zr123,248401,,
n870zv89b,n870zv882,248396,,
n870zs617,n870zs62h,254051,,
n870zs01s,n870zs022,248418,,
n870zz376,n870zz35n,247968,,
n870zz08r,n870zz07g,247955,,
n870zx990,n870zx98q,247951,,
kp78hk058,kp78hk040,247595,,
n870zt894,n870zt88v,254882,,
j3860p01t,j3860p00j,244844,,
n870zs48p,n870zs49z,254045,,
j3860n434,j3860n42v,244826,,
j3860p43b,j3860p44m,249212,,
jm215429s,jm215673r,249219,,
kp78hh14t,kp78hh13j,248447,,
j3860m23f,j3860m225,244800,,
n870zt17w,n870zt06c,250480,,
j3860p201,j3860p198,252748,,
j3860n10k,j3860m99s,244763,,
j3860p953,j3860p94t,247684,,
n870zs464,n870zs47d,254044,,
kp78hh36v,kp78hh35k,247658,,
n870zv041,n870zv03r,247490,,
n870zw161,n870zw15r,252899,,
n870zx84c,n870zx833,249370,,
ws85b417q,ws85b259t,255122,,
k3569c459,k3569c38w,254256,,
jm2158425,jm215545c,254896,,
jm215b42k,jm215b401,251434,,
k3569c49d,k3569c484,249252,,
jm215838k,jm2155354,252817,,
k3569c883,k3569c86j,250530,,
jm215832x,jm2155290,245045,,
k3569c83q,k3569c82f,245806,,
jm215878j,jm2158778,254960,,
jm215b907,jm215b89g,255018,,
jm2156848,jm215758v,247695,,
k3569c96s,k3569c95h,247761,,
k3569c92p,k3569c91d,254277,,
k3569c815,k3569c80w,245083,,
jm215688c,jm2156873,247699,,
kp78hf28r,kp78hf27g,254188,,
jm2156805,jm215469r,252803,,
kp78h3531,kp78h355k,245748,,
kp78h827f,kp78h8265,254147,,
kp78h733c,kp78h726z,255482,,
kp78h807z,kp78h7501,252734,,
kp78h5593,kp78h558t,247509,,
kp78h455s,kp78h454h,247561,,
kp78h467k,kp78h4669,251406,,
kp78h418n,kp78h4163,254095,,
kp78h5550,kp78h551w,243645,,
kp78h768g,kp78h7676,247568,,
kp78h753v,kp78h752k,251401,,
kp78h631m,kp78h630b,247534,,
kp78h4740,kp78h473q,248435,,
kp78h6424,kp78h641v,247540,,
kp78h591v,kp78h590k,254884,,
kp78h3620,kp78h360f,247539,,
kp78h5992,kp78h593d,249188,,
kp78h554q,kp78h5835,247507,,
kp78h430x,kp78h428w,254110,,
kp78h725p,kp78h724d,254119,,
kp78h8290,kp78h828q,254148,,
kp78h4537,kp78h452z,244752,,
kp78h640k,kp78h639t,247537,,
kp78h653n,kp78h652c,247544,,
kp78h377m,kp78h376b,247547,,
kp78h336c,kp78h3353,255490,,
kp78h356v,kp78h3549,255492,,
ws859p25j,ws859p26t,248153,,
n8710020j,n8710019s,247934,,
bv73c903s,bv73c902h,247767,,
bv73c9220,bv73c921q,247774,,
bv73c931z,bv73c930p,247775,,
bv73c9416,,245092,,
bv73c936b,bv73c9352,247776,,
bv73c9972,bv73c996s,249309,,
ws859w51d,ws859w52p,255197,,
bv73c933h,bv73c9327,245091,,
bv73c9441,bv73c943r,247778,,
bv73c905b,bv73c9042,247768,,
bv73c927c,bv73c9263,245089,,
bv73c978v,bv73c967b,247763,,
bv73c962z,bv73c961p,247780,,
bv73c835v,bv73c834k,247799,,
bv73c870f,bv73c869p,245100,,
bv73c8428,bv73c831r,245085,,
bv73c8941,bv73c893r,247814,,
bv73c817x,bv73c816n,247791,,
bv73c8410,bv73c840q,247802,,
ws859n32r,ws859k98f,247831,,
kp78hh064,kp78hh05v,247648,,
jm215620q,jm215791w,252850,,
kp78hf85c,kp78hf843,247625,,
jm214p62z,jm214p61p,244924,,
jm214s45x,jm214s44n,,,
jm214s32v,jm214s309,245039,,
jm214s38h,jm214s377,244884,,
jm214s87f,jm214s865,244906,,
jm214s07h,jm214s067,245028,,
k3569884c,k35698833,245804,,
jm215c297,jm215c27p,255038,,
jm215c54k,jm215c539,254926,,
k3569876p,k3569875d,247751,,
k3569801m,k3569800b,255044,,
k35696768,k3569674q,245783,,
k35696725,k3569671w,243653,,
kp78hj61d,kp78hj604,245758,,
kp78hj850,kp78hj84q,250495,,
kp78hj30d,kp78hj29n,254888,,
jm215c318,jm215c300,255039,,
jm215c122,jm215c11s,255028,,
k3569b62r,k3569b606,245070,,
k3569b48x,k3569b47n,247731,,
k3569b649,k3569b631,250522,,
k3569b453,k3569b46c,245066,,
kp78hj72x,kp78hj71n,247591,,
kp78hj43g,kp78hj426,250501,,
kp78hj79v,kp78hj78k,245756,,
kp78hj03h,kp78hh926,254166,,
kp78hj70c,kp78hj59c,254169,,
kp78hj32z,kp78hj31p,247663,,
kp78hj451,kp78hj44r,250502,,
kp78hg06x,kp78hg05n,254202,,
kp78hg63j,kp78hg628,254885,,
kp78hg26d,kp78hg15w,247589,,
n870zr77x,n870zr786,248409,,
n870zs96b,n870zs97m,247479,,
n870zz34c,n870zz333,247967,,
n870zv49c,n870zv483,244735,,
n870zv87s,n870zv86h,248395,,
n870zs820,n870zs838,254055,,
n870zv80v,n870zv793,248392,,
n870zr10j,n870zq908,248399,,
n870zr11t,n870zr077,248400,,
n870zz58z,n870zz57p,250762,,
n870zz87d,n870zz864,247918,,
n870zt65j,n870zt648,249184,,
n870zt28d,n870zt29p,254066,,
kp78hh63r,kp78hh62g,251422,,
j3860m94d,j3860m934,247673,,
n870zx46z,n870zx44d,245833,,
j3860m667,j3860m55q,245458,,
n870zz198,n870zz180,247960,,
n870zx00b,n870zw99s,255673,,
n870zw03z,n870zw02p,249374,,
k3569d01f,k3569d005,249254,,
n870zx42v,n870zx41k,247906,,
kp78hh76t,kp78hh75j,254219,,
kp78hh94r,kp78hh93g,254227,,
n870zs93h,n870zs94s,244746,,
j3860n85n,j3860n84c,249209,,
n870zt117,n870zt12h,247482,,
j3860m047,j3860m50b,255151,,
n870zw18k,n870zw179,252900,,
kp78hk59k,kp78hk589,251413,,
n870zv69v,n870zv68k,249180,,
jm214q99t,jm214q978,244979,,
jm214r27s,jm214r26h,244992,,
jm214r81k,jm214r809,245016,,
jm214r125,jm214r11w,244985,,
jm214r18t,jm214r17j,244988,,
jm214r20v,jm214r09v,244878,,
jm214r567,jm214r55z,245005,,
jm214r58s,jm214r57h,245006,,
jm214r79j,jm214r788,245015,,
jm214r991,jm214r97g,245024,,
jm214r770,jm214r75f,245014,,
k3569987d,k35699864,245784,,
k3569926p,k3569925d,249250,,
k3569994t,k3569993j,245785,,
k35699287,k3569927z,249253,,
k3569723f,,252856,,
k3569759t,k3569758j,252858,,
jm2155621,jm215561r,252825,,
jm2155507,jm215543t,249217,,
jm215537p,jm215841w,252818,,
jm2157551,jm215483k,252807,,
jm215731f,jm215624t,255538,,
jm215790m,jm215788k,252848,,
jm215670x,jm2156695,252789,,
kp78hh438,kp78hh420,247661,,
n870zz03c,n870zx922,255167,,
jm214q36j,jm214q358,244951,,
n870zw42n,n870zw41c,255672,,
kp78hh58w,kp78hh57m,251420,,
n870zx49s,,251443,,
n870zv326,n870zv31x,250483,,
j3860q916,j3860q90x,250736,,
kp78hh153,kp78hh04k,254164,,
kp78hk16s,kp78hk15h,254176,,
n870zz71h,n870zz69g,247914,,
j3860p84k,j3860p839,252766,,
n870zx77z,n870zx76p,249366,,
n870zx89r,n870zx88g,249373,,
jm214q32f,jm214q21x,244874,,
j3860q17x,j3860q16n,244858,,
j3860m24q,j3860m136,244762,,
j3860n20t,j3860n192,244821,,
j3860q34k,j3860q321,244864,,
n870zt37c,n870zt363,247486,,
kp78hh01r,kp78hh021,247647,,
n87100070,n8710006q,247927,,
j3860q26w,j3860q25m,244861,,
j3860n035,j3860n02w,249206,,
j3860m52w,j3860m51m,244811,,
j3860m74x,j3860m73n,244815,,
n870zz67x,n870zz66n,247912,,
n870zs25c,n870zs26n,255475,,
n870zs98w,n870zs995,247480,,
n870zx18s,n870zx17h,247895,,
jm214r01n,jm214r00c,244980,,
kp78hd880,kp78hd87q,247601,,
jm214r60t,jm214r592,245007,,
jm214r42w,jm214r41m,244999,,
jm214r94n,jm214r93c,245022,,
jm214r702,jm214r71b,245012,,
jm214r079,jm214r061,244983,,
jm215534v,jm215533k,252816,,
jm214r33x,jm214r346,244995,,
jm214r90j,jm214r89s,245020,,
jm214r745,jm214q63f,244867,,
jm214r257,jm214r24z,244991,,
k3569914w,k3569912b,247757,,
k3569935n,k35699333,250527,,
k3569908r,k3569907g,243667,,
k35699597,k3569950r,248676,,
jm215598d,jm2155974,245777,,
jm215767t,jm215512t,252812,,
jm215744h,jm2156784,254894,,
jm214p42g,jm214p220,244917,,
jm2157330,jm215732q,252851,,
jm215635b,jm215633s,255512,,
n870zz80g,n870zz79q,245168,,
n870zz94t,n870zz839,247910,,
n870zw756,n870zw74x,250539,,
j3860q895,j3860q78n,244761,,
j3860p12b,j3860p10s,244848,,
j3860m34z,j3860m33p,249200,,
j3860m268,j3860m250,244801,,
j3860m49k,j3860m03z,244810,,
jm214q579,jm214q58k,244961,,
j3860q06d,j3860q054,244854,,
n870zt185,n870zt19f,254062,,
j3860n965,j3860n95w,250743,,
n870zx719,n870zx701,249363,,
j3860p66n,j3860p65c,252757,,
kp78hh527,kp78hh51z,251418,,
j3860n64w,j3860n655,244835,,
n870zw560,n870zw55q,255552,,
j3860n167,j3860n15z,250741,,
n870zt87k,n870zt869,250490,,
n870zs23t,n870zs243,255474,,
n870zx31b,n870zx302,247901,,
n870zz01t,n870zz00j,247952,,
jm214q70v,jm214q693,244966,,
jm214r656,jm214r63n,245009,,
jm214r699,jm214r67r,245011,,
jm214r834,jm214r82v,245017,,
k35699707,k3569969g,243650,,
k3569796z,k3569795p,250523,,
k3569772c,k35697713,250754,,
k3569761v,k3569760k,243661,,
k35697535,k3569752w,248467,,
k35697489,k3569746r,255542,,
k35697357,k3569734z,248694,,
k35697799,k35697781,245792,,
k3569947f,k35699465,255162,,
k35699244,k3569923v,249247,,
k35699308,k3569929h,249822,,
jm215518g,jm215772p,255536,,
jm215797j,jm215404x,252782,,
jm215717m,jm2155906,252837,,
kp78hh349,kp78hh331,247657,,
j3860p07g,j3860p066,244847,,
kp78hk083,kp78hk19m,254154,,
jm214q18m,jm214q17b,244943,,
j3860n35f,j3860n345,244824,,
n870zw49k,n870zw489,250759,,
j3860q44t,j3860q43j,244776,,
ws85b620f,ws85b619p,249434,,
ws859g658,ws859g66j,249318,,
ws85b805r,ws85b794f,,,
ws85b8389,ws85b836r,,,
ws859s51s,ws859s50h,248519,,
ws859t58x,ws859t596,245360,,
ws85b5542,ws85b553s,243703,,
ws859m696,,247840,,
ws85bc485,ws85bc47w,,,
ws859j95d,ws859j93v,254314,,
n870zz821,n870zz81r,247916,,
j3860p03c,j3860p023,244845,,
j3860m72c,j3860m713,252742,,
n870zv38v,n870zv37k,250484,,
n870zz600,n870zz597,250542,,
jm214q39c,jm214q37t,244952,,
n870zz43b,n870zz422,245169,,
j3860p32t,j3860n213,244758,,
ws859q82c,ws859q80t,251477,,
ws859h59b,ws859h582,243673,,
ws859x004,ws859x01d,255181,,
ws85b408r,ws85b2250,249427,,
ws859j944,ws859j82b,245107,,
ws85bc221,ws85bc20g,,,
ws859j40t,ws859j38s,254302,,
ws859m26d,ws859m254,255667,,
ws85b372k,ws85b1369,254359,,
ws859n13j,,247863,,
ws859t90p,ws859v010,252918,,
ws859v77b,ws859v79w,255098,,
ws859x471,ws859x489,255081,,
ws85b954w,ws85b943c,,,
ws85bb390,ws85bb38q,,,
ws85b993k,,,,
ws859m02t,,247868,,
ws85bc884,ws85bc89d,,,
ws859g47b,ws859g462,245820,,
ws85b115j,ws85b1130,249614,,
j3860n01m,j3860n00b,249205,,
ws859t50q,ws859t510,245356,,
ws859p30d,ws859p31p,248154,,
ws859j06h,ws859j057,252885,,
ws859s832,ws859s84b,245347,,
ws85bb21j,ws85bb22t,,,
ws859t80f,ws859t81q,245331,,
ws85b637m,ws85b636b,251502,,
ws85bc175,ws85bc16w,,,
ws859g69c,ws859g67t,249319,,
ws859p13r,ws859p12g,250987,,
ws859k088,ws859k070,254316,,
ws859j99h,ws859j987,248703,,
ws859s387,ws859s49r,245327,,
ws859k42k,ws859k401,245111,,
ws859n69d,ws859n67v,255558,,
ws859q325,ws859q33f,254328,,
ws859j70j,ws859j69s,254309,,
ws85b2382,ws85b237s,251495,,
ws859h379,ws859h361,247820,,
ws859m06x,ws859m05n,247869,,
ws859m70z,,247841,,
ws859m76m,,245133,,
ws85bc264,ws85bc25v,,,
ws859j71t,ws859j609,245106,,
n870zw64p,n870zw63d,255062,,
kp78hh17n,kp78hh16c,254216,,
j3860m59t,j3860m58j,250740,,
j3860q428,j3860q410,244775,,
n870zv20d,n870zv19n,254072,,
n870zt206,n870zt21g,254063,,
j3860p58z,j3860p597,252754,,
j3860m83w,j3860m82m,244817,,
n870zz47f,n870zz36x,247911,,
jm214q073,jm214q06t,244938,,
ws859x136,ws859x14g,255575,,
ws85bb119,ws85bb101,,,
n870zv99k,,249609,,
j3860n612,j3860n60s,244833,,
n870zs731,n870zs63s,250728,,
n870zx370,n870zx36q,247904,,
j3860n36q,j3860n370,244824,,
j3860q04v,j3860q03k,255505,,
j3860q40q,j3860q39z,244774,,
n870zz84k,n870zz85v,247917,,
ws859n196,ws859n18x,249344,,
ws859g45s,ws859g241,245809,,
ws859q25r,ws859q261,252915,,
ws859w20d,ws859w21p,255187,,
ws859k51j,ws859k49h,248488,,
ws859r42m,ws859r402,249402,,
ws85b950s,ws85b9491,,,
ws85b286q,ws85b270t,245374,,
ws859r32c,ws859r313,252973,,
ws85b5827,ws85b581z,248091,,
ws859n80d,,245314,,
ws85b9822,,,,
ws859q902,ws859q899,251480,,
ws859v74h,ws859v75s,255096,,
ws859t47d,ws859t48p,254346,,
ws85b1016,ws85b282m,254352,,
ws859m82r,,247842,,
ws859n349,,243675,,
j3860q674,j3860q57w,244760,,
j3860m21w,j3860m20m,244799,,
n870zz775,n870zz78f,245167,,
n870zt78m,n870zt77b,250488,,
n870zx33w,n870zx32m,247902,,
j3860n05q,j3860n04f,247674,,
jm214q10d,jm214p99m,244873,,
j3860m68s,j3860m67h,249202,,
n870zv30n,n870zv29w,254035,,
jm214q98j,jm214q871,244877,,
n870zw85f,n870zw83w,250760,,
n870zw934,n870zw92v,245164,,
n870zw692,n870zw68s,251444,,
n870zw37s,n870zv96r,255669,,
n870zs774,n870zs78d,249181,,
kp78hk24g,kp78hk25r,247599,,
n870zz287,n870zz27z,247964,,
n870zv547,n870zv53z,247467,,
jm214q27k,jm214q269,244947,,
n870zs553,n870zs56c,254048,,
j3860m09m,j3860q585,244783,,
n870zw51m,n870zw50b,245160,,
n870zx09t,n870zx08j,245156,,
n870zt83g,n870zt72z,250729,,
kp78hh374,kp78hh26m,247590,,
n870zw60k,n870zw59t,255062,,
kp78hh217,kp78hh20z,247651,,
n870zr611,n870zr629,248403,,
n870zz48q,n870zz465,247970,,
jm214q561,jm214q55r,244960,,
j3860p40h,j3860p41s,248668,,
j3860q35v,j3860q339,244865,,
j3860p47f,j3860p465,249214,,
n87100380,n8710036f,247942,,
n870zt35t,n870zt34j,247485,,
n870zt584,n870zt57v,248665,,
jm214q83x,jm214q81c,244972,,
n870zz41s,n870zz40h,247969,,
j3860q517,j3860q50z,244779,,
kp78hh285,kp78hh27w,247654,,
n870zw047,n870zw05h,250984,,
jm214r681,jm214r66g,245010,,
jm214r64x,jm214r53d,244880,,
jm214r877,jm214r76q,244881,,
jm214r10m,jm214r08k,244984,,
k3569715r,k35697047,249224,,
k35697578,k35697560,245791,,
jm214r73w,jm214r72m,245013,,
k3569910s,k35699091,243668,,
k3569984k,k35699839,249225,,
k3569958z,k3569957p,254260,,
k35699529,k35699511,250753,,
k35697977,k3569b66v,249231,,
k35697888,k35697870,249230,,
k3569954v,k3569c52q,250509,,
jm215568p,jm2158493,252831,,
jm2155400,jm2157063,247713,,
jm2157836,jm2156139,252843,,
jm215710p,,245047,,
kp78hd80s,kp78hd812,254150,,
jm215773z,jm215586m,252835,,
kp78hf03w,kp78h2m,247607,,
kp78hf74v,kp78hf73k,254199,,
kp78hf58g,kp78hf576,247615,,
jm214q92w,jm214q91m,244976,,
n870zz93j,n870zz928,247921,,
j3860p80g,j3860p79q,252764,,
j3860m578,j3860m560,250739,,
j3860n09t,j3860n08j,247676,,
n870zx91s,n870zx90h,250761,,
j3860m91k,j3860m89j,244819,,
n870zv25s,n870zv16t,250481,,
j3860p87d,j3860p864,252767,,
j3860p376,j3860p38g,247683,,
n870zw58j,n870zw578,255062,,
kp78hh56b,kp78hh552,251419,,
n87100045,n8710003w,247926,,
k3569d05j,k3569d048,252860,,
j3860p422,j3860p333,244769,,
j3860m382,j3860m36h,249200,,
n870zw19v,n870zw20m,252901,,
j3860q29q,j3860q186,244772,,
kp78hh616,kp78hh60x,251421,,
j3860n90h,j3860n89r,244842,,
j3860p63t,j3860p62j,252757,,
j3860q649,j3860q631,244786,,
n870zt096,n870zt10z,247481,,
n870zz89z,n870zz88p,247919,,
j3860n701,j3860n698,249607,,
n8710033m,n8710032b,247940,,
kp78hh47c,kp78hh463,251102,,
n870zt96j,n870zt958,254069,,
n870zx73v,n870zx72k,249364,,
j3860p93j,j3860p928,255504,,
n870zv61n,n870zv504,247460,,
n8710024n,n8710023c,247936,,
j3860q118,j3860q100,244856,,
kp78hk21n,kp78hk20c,254177,,
n870zs38f,n870zs39q,251398,,
n870zs91z,n870zs927,245734,,
kp78hh196,kp78hh18x,254217,,
j3860m30v,j3860m293,244804,,
ws85bc58d,,,,
jm215848t,jm215847j,252830,,
jm2158140,jm2154412,248450,,
k3569c99m,k3569c972,245807,,
jm215813q,jm2158069,250580,,
jm215819c,jm2154498,248452,,
k3569c03s,k3569c02h,251436,,
jm2158051,jm215800n,250579,,
jm215830c,jm215525w,247709,,
jm2158183,jm215817t,249220,,
k35699490,k3569948q,248463,,
jm215b665,jm215b65w,255007,,
jm2158671,jm215866r,255516,,
kp78hf91h,kp78hf907,247627,,
kp78hf088,kp78h70,247609,,
jm215672g,jm215426z,247693,,
kp78h8222,kp78h821s,254142,,
kp78h6823,kp78h681t,248430,,
kp78h740s,kp78h7391,245753,,
kp78h4049,kp78h4031,247558,,
kp78h514r,kp78h513g,251411,,
kp78h680j,kp78h679s,248429,,
kp78h5169,kp78h5151,249197,,
kp78h4651,kp78h464r,251404,,
kp78h621c,kp78h6203,255491,,
kp78h7170,kp78h716q,254113,,
kp78h5240,kp78h523q,254140,,
kp78h448c,kp78h4473,254130,,
kp78h3859,kp78h3841,247554,,
kp78h7943,kp78h793t,247578,,
kp78h349f,kp78h3485,247535,,
kp78h6980,kp78h697q,254093,,
ws859m343,,247882,,
k3569990q,k3569985v,250752,,
kp78h545r,kp78h544g,255484,,
bv73c912r,bv73c9017,248475,,
bv73c951f,bv73c9505,245095,,
bv73c955j,bv73c9548,248477,,
n870zz39r,n870zz38g,250986,,
bv73c977k,bv73c9769,247787,,
bv73c900z,bv73c897v,247766,,
bv73c907w,bv73c906m,247769,,
bv73c9904,bv73c989c,249257,,
bv73c909f,bv73c9085,248476,,
bv73c973g,bv73c9726,247784,,
bv73c9530,bv73c952q,245096,,
bv73c911g,bv73c9106,247770,,
bv73c929x,bv73c928n,245090,,
bv73c9662,bv73c965s,247782,,
jm215b92s,jm215b91h,255019,,
bv73c980w,bv73c9794,248479,,
bv73c938w,bv73c937m,247777,,
bv73c993z,bv73c992p,249307,,
bv73c999m,bv73c998b,251104,,
ws859m831,,250537,,
n870zz76w,n870zz75m,255554,,
ws859n27w,,249334,,
kp78hh969,kp78hh951,254228,,
n870zw713,n870zw70t,251445,,
n870zr191,n870zr20s,247469,,
j3860n32m,j3860n31b,250504,,
kp78hk571,kp78hk56r,245755,,
jm214q68t,jm214q67j,244965,,
n870zs27x,n870zs286,244741,,
n870zw535,n870zw52w,255551,,
n870zx27r,,255549,,
n870zs642,n870zs65b,254052,,
n870zx680,n870zx67q,249363,,
n870zz45w,n870zz44m,245170,,
j3860q61g,j3860q62r,244785,,
kp78hh98v,kp78hh97k,254230,,
n870zs66m,n870zs67w,247475,,
j3860q93r,j3860q92g,244794,,
n870zz554,n870zz56d,247928,,
n870zw95p,n870zw94d,245165,,
n870zw09m,n870zw08b,251114,,
n870zz26p,n870zz244,247963,,
n870zr64v,n870zr654,248404,,
n870zr85m,n870zr743,248656,,
j3860p98x,j3860p96c,247685,,
jm214r923,jm214r91t,245021,,
jm214r51v,jm214r50k,245003,,
jm214r214,jm214r193,244989,,
k3569743x,k35697382,245780,,
k3569786q,k3569785f,249229,,
k3569963t,k3569962j,248686,,
k3569974b,k35699732,250582,,
k3569903c,k35699023,254270,,
k3569789j,k3569782m,252853,,
k3569767h,k35697667,247730,,
k35697179,k35697161,250515,,
k35697250,,245063,,
jm215527f,jm215831n,247710,,
jm2155019,jm215495c,252772,,
jm215596v,jm2157241,245776,,
jm2157462,jm215466x,255527,,
jm2157526,jm215475w,248454,,
jm2157259,jm215599p,245778,,
jm215784g,jm215618p,252846,,
jm215632h,jm2156317,247690,,
kp78hf36f,kp78hf355,254192,,
jm215614k,jm215785r,252844,,
n870zx50j,,248147,,
n870zz529,n870zz511,247972,,
n870zw33p,n870zw32d,255058,,
j3860p643,j3860p53k,249821,,
n870zt56k,n870zt559,248664,,
j3860m05h,j3860p34c,247682,,
kp78hh748,kp78hh730,254218,,
j3860n14p,j3860n13d,247678,,
n870zv15j,n870zv148,250732,,
n870zt762,n870zt75s,250487,,
jm214q889,jm214q86r,244974,,
n870zv636,n870zv62x,249179,,
n870zr66d,n870zr67p,248405,,
j3860m76g,j3860m756,252743,,
n8710002m,n8710001b,247925,,
n870zx95w,n8710047z,247948,,
j3860n591,j3860n58r,244832,,
n870zx05q,,255548,,
n870zv95g,n870zx477,248146,,
j3860p54v,j3860p554,252754,,
n870zv02g,n870zv016,247489,,
n870zx45p,n870zx434,247907,,
j3860m63d,j3860m61v,244814,,
n870zv394,n870zv28m,247459,,
kp78hk53x,kp78hk52n,251414,,
n87100134,n8710012v,247931,,
n870zw802,n870zw799,247909,,
n870zr63k,n870zr35d,248654,,
jm214q43z,jm214q41d,244954,,
kp78hh90n,kp78hh91x,254226,,
k3569c505,k3569b93r,245051,,
k3569c74r,k3569c726,254275,,
jm215b419,jm215b30s,254910,,
jm215b46p,jm215b45d,254254,,
jm215b576,jm215b56x,255003,,
k35699180,k3569917q,248701,,
jm215803g,jm2158026,255519,,
kp78hf690,kp78hf68q,247620,,
kp78hf83t,kp78hf82j,247624,,
jm215659x,jm215658n,245763,,
jm215608f,jm215606w,252838,,
kp78hf99q,kp78hf98f,247630,,
k3569996c,k35699953,247721,,
kp78h6581,kp78h657r,247548,,
kp78h8044,kp78h803v,247582,,
kp78h457b,kp78h4562,247564,,
kp78h510n,kp78h5126,247585,,
kp78h616h,kp78h614z,255489,,
kp78h5614,kp78h315m,250491,,
kp78h540c,kp78h539m,245737,,
kp78h799g,kp78h7986,255500,,
kp78h6602,kp78h6599,247549,,
kp78h399n,kp78h398c,254084,,
kp78h7013,kp78h700t,254096,,
kp78h722v,kp78h7234,254119,,
kp78h6670,kp78h666q,247551,,
kp78h694w,kp78h638j,252964,,
kp78h648s,kp78h647h,255495,,
kp78h491n,kp78h490c,247572,,
kp78h563p,kp78h316w,245738,,
kp78h8418,kp78h8400,247588,,
kp78h847x,kp78h846n,247503,,
kp78h603f,kp78h6025,245744,,
kp78h580b,kp78h550m,249191,,
kp78h6998,kp78h693m,247497,,
kp78h522f,kp78h5215,254140,,
ws859n36v,,245118,,
ws859n128,,252896,,
jm2157038,jm215538z,252819,,
jm215709x,jm2155575,245048,,
jm214s98z,jm214s97p,244911,,
jm214s01v,jm214s00k,245025,,
jm214s76x,jm214s75n,244901,,
jm214s72t,jm214s619,244869,,
jm214s40j,jm214s39s,244885,,
jm214s78g,jm214s776,244902,,
jm214s05z,jm214s04p,245027,,
jm214s96d,jm214s954,244910,,
jm214s85w,jm214s84m,244905,,
jm214s16g,jm214s156,245032,,
jm214s601,jm214s598,244894,,
jm214s25f,jm214s245,245036,,
jm214s36z,jm214s35p,245041,,
jm214s43c,jm214s423,244886,,
jm214s491,jm214s48r,244889,,
jm214s34d,jm214s334,245040,,
jm214s71j,jm214s708,244899,,
jm214s270,jm214s26q,245037,,
jm214s12c,jm214s113,245030,,
jm214s65d,jm214s644,244896,,
jm214s181,jm214s17r,245033,,
jm2154056,jm2157993,255518,,
jm214s822,jm214s81s,244904,,
jm2154722,jm215471s,252805,,
jm215416q,jm215415f,252787,,
jm2154188,jm2154170,248669,,
jm2154209,jm215419j,252788,,
jm215492j,jm2154918,247702,,
jm2154608,jm215459h,252798,,
jm2154366,jm215435x,252793,,
jm214s29j,jm214s288,245038,,
jm214s47g,jm214s466,244888,,
jm214s911,jm214s90r,244908,,
jm2154829,jm2154811,250506,,
jm215488z,jm215689n,249222,,
jm215402c,jm215397q,250578,,
jm215484v,jm215685j,247696,,
jm215425p,jm215812f,255524,,
jm214p947,jm214p93z,244932,,
jm2154943,jm215493t,247703,,
jm215407r,jm215406g,252784,,
jm2154455,jm215444w,245766,,
jm215497x,jm215766j,245769,,
jm215474m,jm215473b,248453,,
jm214s56f,jm214s555,244892,,
jm214s67z,jm214s66p,,,
jm214s890,jm214s88q,244907,,
jm214s580,jm214s57q,244893,,
jm214s52b,jm214s50s,244890,,
k3569860s,k35698591,245799,,
k35698523,k3569853c,245798,,
jm215c08g,jm215c06x,255026,,
k35698922,k35698876,248683,,
k3569851t,k3569850j,247744,,
k3569894m,k3569893b,245080,,
k35698701,k35698698,245074,,
jm214t02b,jm214t00s,244913,,
k3569842v,k3569841k,249238,,
k3569b30g,k3569b29q,250517,,
k3569b029,k3569b00r,245786,,
k3569b542,k3569b53s,250519,,
k3569b78n,k3569b77c,249234,,
k3569b96k,k3569b959,245802,,
k3569b720,k3569b71q,248470,,
k3569b054,k3569b04v,248466,,
k3569b37d,k3569b364,255665,,
k3569b40q,k3569b339,248461,,
k3569665r,k3569664g,243651,,
kp78hj027,kp78hj01z,254231,,
k3569658b,k3569659m,250512,,
kp78hg742,kp78hg73s,247644,,
k3569809t,k35698078,247737,,
k35698566,k3569855x,247745,,
k3569b92g,k3569b916,245073,,
k3569b207,k3569b19g,245064,,
k3569b35v,k3569b34k,243660,,
k3569b56m,k3569b55b,250521,,
k3569b80p,k3569b79x,245793,,
k3569b118,,248696,,
kp78hj50w,kp78hj494,254243,,
kp78hj41x,kp78hj40n,247666,,
kp78hj83f,,250494,,
kp78hj17v,kp78hj16k,254237,,
kp78hj19d,kp78hj184,254238,,
kp78hj141,kp78hj75r,254152,,
kp78hj26t,kp78hj159,254167,,
kp78hg76m,kp78hg75b,247645,,
kp78hg01j,kp78hg008,247631,,
k3569699k,k35696989,245058,,
n870zs528,n870zs41r,249820,,
n870zv82d,n870zv814,248393,,
n870zs80f,n870zs81q,254054,,
n870zs10r,n870zs111,248421,,
n870zv369,n870zv351,247463,,
n870zt40p,n870zt39x,247487,,
j3860n124,j3860n11v,247677,,
n87100312,n8710030s,247939,,
j3860m489,j3860m471,244809,,
n8710016z,n8710014d,247932,,
kp78hh72q,kp78hh71f,251426,,
j3860n302,j3860n299,247679,,
j3860q097,j3860q08z,244855,,
n870zs53j,n870zs54t,254047,,
jm214q030,jm214q02q,244936,,
j3860m28t,j3860m27j,244802,,
j3860n833,j3860n82t,244841,,
n870zx58r,,247889,,
n870zw73n,n870zw72c,249375,,
n870zt630,n870zt62q,249182,,
ws85b3833,ws85b164g,254380,,
n8710018h,n87100177,247933,,
n870zw82m,n870zw81b,247909,,
jm215b19s,jm215b088,254909,,
jm215b002,jm215999h,254987,,
k3569c21q,k3569c20f,243666,,
k3569c904,k3569c89c,247759,,
jm215854z,jm215853p,252971,,
k3569c947,k3569c93z,247760,,
jm215b25x,jm215b24n,255160,,
k3569c58c,k3569c573,248687,,
jm215b729,jm215b711,255010,,
jm2158094,jm215424d,255522,,
jm2158468,jm215567d,252829,,
jm215822p,jm215821d,252967,,
k3569c33h,k3569c263,254255,,
kp78hf109,kp78h9j,247610,,
kp78hf67f,kp78hf665,247619,,
jm2156538,jm2156520,252777,,
jm215630z,jm2157373,247689,,
kp78h645z,kp78h643d,252736,,
kp78h367c,kp78h3663,245751,,
kp78h619b,kp78h6182,247525,,
kp78h5304,kp78h529c,254146,,
kp78h7099,kp78h7081,254104,,
kp78h351g,kp78h3506,250493,,
kp78h557j,kp78h5568,247508,,
kp78h4872,,248437,,
kp78h854b,kp78h852s,247505,,
kp78h406v,kp78h405k,254085,,
kp78h780r,kp78h7790,247573,,
kp78h517k,kp78h511x,249190,,
kp78h6467,kp78h644p,247542,,
kp78h825w,kp78h824m,254144,,
kp78h8329,kp78h8311,250733,,
kp78h6709,kp78h669j,247552,,
kp78h567s,kp78h3574,247495,,
kp78h715f,kp78h7145,254108,,
kp78h5682,kp78h417c,254097,,
kp78h766x,kp78h765n,247567,,
kp78h409p,kp78h408d,254087,,
kp78h589t,kp78h588j,247515,,
kp78h392q,kp78h391f,254080,,
kp78h787p,kp78h786d,247576,,
kp78h704x,kp78h7056,254100,,
kp78h373h,kp78h3727,254076,,
kp78h575g,kp78h518v,254136,,
jm215798t,jm2157968,252783,,
ws859m85k,,245137,,
ws859m35c,,247883,,
n8710015p,n8710005f,250540,,
ws859m300,,245148,,
n8710037q,n87100266,249376,,
bv73c942g,,245092,,
bv73c969w,bv73c968m,247783,,
bv73c9149,bv73c9131,247771,,
bv73c9840,bv73c983q,245098,,
bv73c925t,bv73c924j,245088,,
bv73c949d,bv73c9484,245094,,
bv73c958c,bv73c9573,247779,,
bv73c960d,bv73c959n,252972,,
bv73c934s,bv73c9238,251438,,
bv73c971x,bv73c970n,248478,,
bv73c9751,bv73c974r,247786,,
bv73c956t,bv73c9459,251439,,
bv73c986j,bv73c9858,247788,,
bv73c964h,bv73c9637,247781,,
bv73c848x,bv73c847n,247805,,
bv73c822s,bv73c821h,247793,,
ws859k99q,,247866,,
n870zx75d,n870zx744,249365,,
n870zw65z,,249355,,
ws85b842w,ws85b841m,,,
ws85b8346,ws85b835g,,,
